Workbook

Sheet ข้อควรรู้ก่อนเริ่ม 
A1: Version | B1: 1.5.1
A2: ข้อควรรู้ก่อนเริ่ม
A3: 1. ฟอร์มนำเข้าข้อมูลคะแนนได้ทำการผูกสูตรและล๊อกเซลล์ไว้แล้ว ซึ่งเซลล์ที่ถูกล๊อกไว้จะไม่สามารถกดหรือทำการแก้ไขได้
A4: 2. --รหัสนักเรียน-- ให้กรอกเฉพาะในชีท "คะแนนเก็บ" และต้องตรงกันกับในฐานข้อมูล School Bright จึงจะทำการอัพโหลดได้
A5: 3. ให้แยกไฟล์ออกเป็นแต่ล่ะวิชาและแต่ล่ะห้อง ( 1 ไฟล์ ต่อ 1 วิชา ต่อ 1 ห้อง)
A6: 4. สามารถกรอกได้สูงสุดครั้งล่ะ 60 คน ต่อไฟล์
A7: 5. สามารถศึกษาวีดีโอการลงข้อมูลอย่างละเอียดได้จากลิงค์ www.youtube.com

Sheet ตั้งค่าสัดส่วนคะแนน
A1: ชีท --ตั้งค่าสัดส่วนคะแนน-- ให้ตั้งสัดส่วนคะแนนของคะแนนเก็บ คะแนนเก็บหลังกลางภาค กลางภาค ปลายภาค และ %ตัดผ่านของคะแนนเก็บ/ตัวชี้วัด ตามความต้องการ ---ห้ามเว้นว่างไว้---
A2: คะแนนเก็บ | B2: กลางภาค | C2: คะแนนเก็บหลังกลางภาค | D2: ปลายภาค | E2: % ตัดผ่านของคะแนนเก็บ/หน่วยชี้วัดแต่ละจุด
A5: คำอธิบาย
A6: กรณีที่ 1 ไม่แยกคะแนนเก็บก่อนและหลังกลางภาคในระบบ
A7: 1. สมมุติว่าวิชาภาษาไทย มีสัดส่วนคะแนนเป็น คะแนนเก็บ 50 คะแนนสอบกลางภาค 20 และคะแนนสอบปลายภาค 30
A8: ให้ตั้งค่าดังนี้ คะแนนเก็บ 50 คะแนนเก็บหลังกลางภาค 0 คะแนนสอบกลางภาค 20 และคะแนนสอบปลายภาค 30
A9: กรณีที่ 2 แยกคะแนนเก็บก่อนและหลังกลางภาคในระบบ
A10: 2. สมมุติว่าวิชาภาษาไทย มีสัดส่วนคะแนนเป็น คะแนนเก็บ 30 คะแนนเก็บหลังกลางภาค 20 คะแนนสอบกลางภาค 20 และคะแนนสอบปลายภาค 30
A11: ให้ตั้งค่าดังนี้ คะแนนเก็บ 30 คะแนนเก็บหลังกลางภาค 20 คะแนนสอบกลางภาค 20 และคะแนนสอบปลายภาค 30
A12: 3. %ตัดผ่านของคะแนนเก็บ/หน่วยชี้วัด หมายถึง คะแนนที่นักเรียนต้องทำได้เป็นอย่างน้อยในส่วนคะแนนเก็บ จึงจะถือว่าผ่าน
A13: เช่น หัวข้อคะแนนที่ 1 เต็ม 10 คะแนน นักเรียนต้องได้ 6 คะแนน ให้ตั้งเป็น 60

Sheet คะแนนเก็บ
A1: ชีท --คะแนนเก็บ-- ให้ตั้งชื่อหัวข้อตามความต้องการและกรอกคะแนนเต็มของแต่ล่ะหน่วย ---ช่องใดไม่ใช้งานให้เว้นว่างไว้---
A2: เลขที่ | B2: รหัสนักเรียน | C2: ชื่อหัวข้อ | D2: คะแนนเก็บ/ตัวชี้วัด | X2: รวม
D3: ตัวอย่าง | E3: 2 | F3: 3 | G3: 4 | H3: 5 | I3: 6 | J3: 7 | K3: 8 | L3: 9 | M3: 10 | N3: 11 | O3: 12 | P3: 13 | Q3: 14 | R3: 15 | S3: 16 | T3: 17 | U3: 18 | V3: 19 | W3: 20
C4: คะแนนเต็ม | D4: 10 | X4: =IF(AND(ISBLANK(D4)=TRUE,ISBLANK(E4)=TRUE,ISBLANK(F4)=TRUE,ISBLANK(G4)=TRUE,ISBLANK(H4)=TRUE,ISBLANK(I4)=TRUE,ISBLANK(J4)=TRUE,ISBLANK(K4)=TRUE,ISBLANK(L4)=TRUE,ISBLANK(M4)=TRUE,ISBLANK(N4)=TRUE,ISBLANK(O4)=TRUE,ISBLANK(P4)=TRUE,ISBLANK(Q4)=TRUE,ISBLANK(R4)=TRUE,ISBLANK(S4)=TRUE,ISBLANK(T4)=TRUE,ISBLANK(U4)=TRUE,ISBLANK(V4)=TRUE,ISBLANK(W4)=TRUE),"",SUM(D4:W4)) -> 10
A5: 1 | B5: 123 | C5: เด็กชายจับจ่าย รักโรงเรียน | D5: 1 | X5: =IF(AND(ISBLANK(D5)=TRUE,ISBLANK(E5)=TRUE,ISBLANK(F5)=TRUE,ISBLANK(G5)=TRUE,ISBLANK(H5)=TRUE,ISBLANK(I5)=TRUE,ISBLANK(J5)=TRUE,ISBLANK(K5)=TRUE,ISBLANK(L5)=TRUE,ISBLANK(M5)=TRUE,ISBLANK(N5)=TRUE,ISBLANK(O5)=TRUE,ISBLANK(P5)=TRUE,ISBLANK(Q5)=TRUE,ISBLANK(R5)=TRUE,ISBLANK(S5)=TRUE,ISBLANK(T5)=TRUE,ISBLANK(U5)=TRUE,ISBLANK(V5)=TRUE,ISBLANK(W5)=TRUE),"",SUM(D5:W5)) -> 1
A6: 2 | B6: 456 | C6: เด็กชายสคูล ไบร์ท | D6: 2 | X6: =IF(AND(ISBLANK(D6)=TRUE,ISBLANK(E6)=TRUE,ISBLANK(F6)=TRUE,ISBLANK(G6)=TRUE,ISBLANK(H6)=TRUE,ISBLANK(I6)=TRUE,ISBLANK(J6)=TRUE,ISBLANK(K6)=TRUE,ISBLANK(L6)=TRUE,ISBLANK(M6)=TRUE,ISBLANK(N6)=TRUE,ISBLANK(O6)=TRUE,ISBLANK(P6)=TRUE,ISBLANK(Q6)=TRUE,ISBLANK(R6)=TRUE,ISBLANK(S6)=TRUE,ISBLANK(T6)=TRUE,ISBLANK(U6)=TRUE,ISBLANK(V6)=TRUE,ISBLANK(W6)=TRUE),"",SUM(D6:W6)) -> 2
A7: 3 | B7: A123 | C7: เด็กหญิงน้ำเพชร ใจดี | D7: 3 | X7: =IF(AND(ISBLANK(D7)=TRUE,ISBLANK(E7)=TRUE,ISBLANK(F7)=TRUE,ISBLANK(G7)=TRUE,ISBLANK(H7)=TRUE,ISBLANK(I7)=TRUE,ISBLANK(J7)=TRUE,ISBLANK(K7)=TRUE,ISBLANK(L7)=TRUE,ISBLANK(M7)=TRUE,ISBLANK(N7)=TRUE,ISBLANK(O7)=TRUE,ISBLANK(P7)=TRUE,ISBLANK(Q7)=TRUE,ISBLANK(R7)=TRUE,ISBLANK(S7)=TRUE,ISBLANK(T7)=TRUE,ISBLANK(U7)=TRUE,ISBLANK(V7)=TRUE,ISBLANK(W7)=TRUE),"",SUM(D7:W7)) -> 3
A8: 4 | X8: =IF(AND(ISBLANK(D8)=TRUE,ISBLANK(E8)=TRUE,ISBLANK(F8)=TRUE,ISBLANK(G8)=TRUE,ISBLANK(H8)=TRUE,ISBLANK(I8)=TRUE,ISBLANK(J8)=TRUE,ISBLANK(K8)=TRUE,ISBLANK(L8)=TRUE,ISBLANK(M8)=TRUE,ISBLANK(N8)=TRUE,ISBLANK(O8)=TRUE,ISBLANK(P8)=TRUE,ISBLANK(Q8)=TRUE,ISBLANK(R8)=TRUE,ISBLANK(S8)=TRUE,ISBLANK(T8)=TRUE,ISBLANK(U8)=TRUE,ISBLANK(V8)=TRUE,ISBLANK(W8)=TRUE),"",SUM(D8:W8))
A9: 5 | X9: =IF(AND(ISBLANK(D9)=TRUE,ISBLANK(E9)=TRUE,ISBLANK(F9)=TRUE,ISBLANK(G9)=TRUE,ISBLANK(H9)=TRUE,ISBLANK(I9)=TRUE,ISBLANK(J9)=TRUE,ISBLANK(K9)=TRUE,ISBLANK(L9)=TRUE,ISBLANK(M9)=TRUE,ISBLANK(N9)=TRUE,ISBLANK(O9)=TRUE,ISBLANK(P9)=TRUE,ISBLANK(Q9)=TRUE,ISBLANK(R9)=TRUE,ISBLANK(S9)=TRUE,ISBLANK(T9)=TRUE,ISBLANK(U9)=TRUE,ISBLANK(V9)=TRUE,ISBLANK(W9)=TRUE),"",SUM(D9:W9))
A10: 6 | X10: =IF(AND(ISBLANK(D10)=TRUE,ISBLANK(E10)=TRUE,ISBLANK(F10)=TRUE,ISBLANK(G10)=TRUE,ISBLANK(H10)=TRUE,ISBLANK(I10)=TRUE,ISBLANK(J10)=TRUE,ISBLANK(K10)=TRUE,ISBLANK(L10)=TRUE,ISBLANK(M10)=TRUE,ISBLANK(N10)=TRUE,ISBLANK(O10)=TRUE,ISBLANK(P10)=TRUE,ISBLANK(Q10)=TRUE,ISBLANK(R10)=TRUE,ISBLANK(S10)=TRUE,ISBLANK(T10)=TRUE,ISBLANK(U10)=TRUE,ISBLANK(V10)=TRUE,ISBLANK(W10)=TRUE),"",SUM(D10:W10))
A11: 7 | X11: =IF(AND(ISBLANK(D11)=TRUE,ISBLANK(E11)=TRUE,ISBLANK(F11)=TRUE,ISBLANK(G11)=TRUE,ISBLANK(H11)=TRUE,ISBLANK(I11)=TRUE,ISBLANK(J11)=TRUE,ISBLANK(K11)=TRUE,ISBLANK(L11)=TRUE,ISBLANK(M11)=TRUE,ISBLANK(N11)=TRUE,ISBLANK(O11)=TRUE,ISBLANK(P11)=TRUE,ISBLANK(Q11)=TRUE,ISBLANK(R11)=TRUE,ISBLANK(S11)=TRUE,ISBLANK(T11)=TRUE,ISBLANK(U11)=TRUE,ISBLANK(V11)=TRUE,ISBLANK(W11)=TRUE),"",SUM(D11:W11))
A12: 8 | X12: =IF(AND(ISBLANK(D12)=TRUE,ISBLANK(E12)=TRUE,ISBLANK(F12)=TRUE,ISBLANK(G12)=TRUE,ISBLANK(H12)=TRUE,ISBLANK(I12)=TRUE,ISBLANK(J12)=TRUE,ISBLANK(K12)=TRUE,ISBLANK(L12)=TRUE,ISBLANK(M12)=TRUE,ISBLANK(N12)=TRUE,ISBLANK(O12)=TRUE,ISBLANK(P12)=TRUE,ISBLANK(Q12)=TRUE,ISBLANK(R12)=TRUE,ISBLANK(S12)=TRUE,ISBLANK(T12)=TRUE,ISBLANK(U12)=TRUE,ISBLANK(V12)=TRUE,ISBLANK(W12)=TRUE),"",SUM(D12:W12))
A13: 9 | X13: =IF(AND(ISBLANK(D13)=TRUE,ISBLANK(E13)=TRUE,ISBLANK(F13)=TRUE,ISBLANK(G13)=TRUE,ISBLANK(H13)=TRUE,ISBLANK(I13)=TRUE,ISBLANK(J13)=TRUE,ISBLANK(K13)=TRUE,ISBLANK(L13)=TRUE,ISBLANK(M13)=TRUE,ISBLANK(N13)=TRUE,ISBLANK(O13)=TRUE,ISBLANK(P13)=TRUE,ISBLANK(Q13)=TRUE,ISBLANK(R13)=TRUE,ISBLANK(S13)=TRUE,ISBLANK(T13)=TRUE,ISBLANK(U13)=TRUE,ISBLANK(V13)=TRUE,ISBLANK(W13)=TRUE),"",SUM(D13:W13))
A14: 10 | X14: =IF(AND(ISBLANK(D14)=TRUE,ISBLANK(E14)=TRUE,ISBLANK(F14)=TRUE,ISBLANK(G14)=TRUE,ISBLANK(H14)=TRUE,ISBLANK(I14)=TRUE,ISBLANK(J14)=TRUE,ISBLANK(K14)=TRUE,ISBLANK(L14)=TRUE,ISBLANK(M14)=TRUE,ISBLANK(N14)=TRUE,ISBLANK(O14)=TRUE,ISBLANK(P14)=TRUE,ISBLANK(Q14)=TRUE,ISBLANK(R14)=TRUE,ISBLANK(S14)=TRUE,ISBLANK(T14)=TRUE,ISBLANK(U14)=TRUE,ISBLANK(V14)=TRUE,ISBLANK(W14)=TRUE),"",SUM(D14:W14))
A15: 11 | X15: =IF(AND(ISBLANK(D15)=TRUE,ISBLANK(E15)=TRUE,ISBLANK(F15)=TRUE,ISBLANK(G15)=TRUE,ISBLANK(H15)=TRUE,ISBLANK(I15)=TRUE,ISBLANK(J15)=TRUE,ISBLANK(K15)=TRUE,ISBLANK(L15)=TRUE,ISBLANK(M15)=TRUE,ISBLANK(N15)=TRUE,ISBLANK(O15)=TRUE,ISBLANK(P15)=TRUE,ISBLANK(Q15)=TRUE,ISBLANK(R15)=TRUE,ISBLANK(S15)=TRUE,ISBLANK(T15)=TRUE,ISBLANK(U15)=TRUE,ISBLANK(V15)=TRUE,ISBLANK(W15)=TRUE),"",SUM(D15:W15))
A16: 12 | X16: =IF(AND(ISBLANK(D16)=TRUE,ISBLANK(E16)=TRUE,ISBLANK(F16)=TRUE,ISBLANK(G16)=TRUE,ISBLANK(H16)=TRUE,ISBLANK(I16)=TRUE,ISBLANK(J16)=TRUE,ISBLANK(K16)=TRUE,ISBLANK(L16)=TRUE,ISBLANK(M16)=TRUE,ISBLANK(N16)=TRUE,ISBLANK(O16)=TRUE,ISBLANK(P16)=TRUE,ISBLANK(Q16)=TRUE,ISBLANK(R16)=TRUE,ISBLANK(S16)=TRUE,ISBLANK(T16)=TRUE,ISBLANK(U16)=TRUE,ISBLANK(V16)=TRUE,ISBLANK(W16)=TRUE),"",SUM(D16:W16))
A17: 13 | X17: =IF(AND(ISBLANK(D17)=TRUE,ISBLANK(E17)=TRUE,ISBLANK(F17)=TRUE,ISBLANK(G17)=TRUE,ISBLANK(H17)=TRUE,ISBLANK(I17)=TRUE,ISBLANK(J17)=TRUE,ISBLANK(K17)=TRUE,ISBLANK(L17)=TRUE,ISBLANK(M17)=TRUE,ISBLANK(N17)=TRUE,ISBLANK(O17)=TRUE,ISBLANK(P17)=TRUE,ISBLANK(Q17)=TRUE,ISBLANK(R17)=TRUE,ISBLANK(S17)=TRUE,ISBLANK(T17)=TRUE,ISBLANK(U17)=TRUE,ISBLANK(V17)=TRUE,ISBLANK(W17)=TRUE),"",SUM(D17:W17))
A18: 14 | X18: =IF(AND(ISBLANK(D18)=TRUE,ISBLANK(E18)=TRUE,ISBLANK(F18)=TRUE,ISBLANK(G18)=TRUE,ISBLANK(H18)=TRUE,ISBLANK(I18)=TRUE,ISBLANK(J18)=TRUE,ISBLANK(K18)=TRUE,ISBLANK(L18)=TRUE,ISBLANK(M18)=TRUE,ISBLANK(N18)=TRUE,ISBLANK(O18)=TRUE,ISBLANK(P18)=TRUE,ISBLANK(Q18)=TRUE,ISBLANK(R18)=TRUE,ISBLANK(S18)=TRUE,ISBLANK(T18)=TRUE,ISBLANK(U18)=TRUE,ISBLANK(V18)=TRUE,ISBLANK(W18)=TRUE),"",SUM(D18:W18))
A19: 15 | X19: =IF(AND(ISBLANK(D19)=TRUE,ISBLANK(E19)=TRUE,ISBLANK(F19)=TRUE,ISBLANK(G19)=TRUE,ISBLANK(H19)=TRUE,ISBLANK(I19)=TRUE,ISBLANK(J19)=TRUE,ISBLANK(K19)=TRUE,ISBLANK(L19)=TRUE,ISBLANK(M19)=TRUE,ISBLANK(N19)=TRUE,ISBLANK(O19)=TRUE,ISBLANK(P19)=TRUE,ISBLANK(Q19)=TRUE,ISBLANK(R19)=TRUE,ISBLANK(S19)=TRUE,ISBLANK(T19)=TRUE,ISBLANK(U19)=TRUE,ISBLANK(V19)=TRUE,ISBLANK(W19)=TRUE),"",SUM(D19:W19))
... A64: 60 | X64: =IF(AND(ISBLANK(D64)=TRUE,ISBLANK(E64)=TRUE,ISBLANK(F64)=TRUE,ISBLANK(G64)=TRUE,ISBLANK(H64)=TRUE,ISBLANK(I64)=TRUE,ISBLANK(J64)=TRUE,ISBLANK(K64)=TRUE,ISBLANK(L64)=TRUE,ISBLANK(M64)=TRUE,ISBLANK(N64)=TRUE,ISBLANK(O64)=TRUE,ISBLANK(P64)=TRUE,ISBLANK(Q64)=TRUE,ISBLANK(R64)=TRUE,ISBLANK(S64)=TRUE,ISBLANK(T64)=TRUE,ISBLANK(U64)=TRUE,ISBLANK(V64)=TRUE,ISBLANK(W64)=TRUE),"",SUM(D64:W64))

Sheet กลางภาค
A1: ชีท --กลางภาค-- ให้ตั้งชื่อหัวข้อตามความต้องการและกรอกคะแนนเต็มของแต่ล่ะหน่วย ---ช่องใดไม่ใช้งานให้เว้นว่างไว้---
A2: เลขที่ | B2: รหัสนักเรียน | C2: ชื่อหัวข้อ | D2: คะแนนสอบกลางภาค | N2: รวม
D3: 1 | E3: 2 | F3: 3 | G3: 4 | H3: 5 | I3: 6 | J3: 7 | K3: 8 | L3: 9 | M3: 10
C4: คะแนนเต็ม | N4: =IF(AND(ISBLANK(D4)=TRUE,ISBLANK(E4)=TRUE,ISBLANK(F4)=TRUE,ISBLANK(G4)=TRUE,ISBLANK(H4)=TRUE,ISBLANK(I4)=TRUE,ISBLANK(J4)=TRUE,ISBLANK(K4)=TRUE,ISBLANK(L4)=TRUE,ISBLANK(M4)=TRUE),"",SUM(D4:M4))
A5: =คะแนนเก็บ!A5 -> 1 | B5: =คะแนนเก็บ!B5 -> 123 | C5: =คะแนนเก็บ!C5 -> เด็กชายจับจ่าย รักโรงเรียน | N5: =IF(AND(ISBLANK(D5)=TRUE,ISBLANK(E5)=TRUE,ISBLANK(F5)=TRUE,ISBLANK(G5)=TRUE,ISBLANK(H5)=TRUE,ISBLANK(I5)=TRUE,ISBLANK(J5)=TRUE,ISBLANK(K5)=TRUE,ISBLANK(L5)=TRUE,ISBLANK(M5)=TRUE),"",SUM(D5:M5))
A6: =คะแนนเก็บ!A6 -> 2 | B6: =คะแนนเก็บ!B6 -> 456 | C6: =คะแนนเก็บ!C6 -> เด็กชายสคูล ไบร์ท | N6: =IF(AND(ISBLANK(D6)=TRUE,ISBLANK(E6)=TRUE,ISBLANK(F6)=TRUE,ISBLANK(G6)=TRUE,ISBLANK(H6)=TRUE,ISBLANK(I6)=TRUE,ISBLANK(J6)=TRUE,ISBLANK(K6)=TRUE,ISBLANK(L6)=TRUE,ISBLANK(M6)=TRUE),"",SUM(D6:M6))
A7: =คะแนนเก็บ!A7 -> 3 | B7: =คะแนนเก็บ!B7 -> A123 | C7: =คะแนนเก็บ!C7 -> เด็กหญิงน้ำเพชร ใจดี | N7: =IF(AND(ISBLANK(D7)=TRUE,ISBLANK(E7)=TRUE,ISBLANK(F7)=TRUE,ISBLANK(G7)=TRUE,ISBLANK(H7)=TRUE,ISBLANK(I7)=TRUE,ISBLANK(J7)=TRUE,ISBLANK(K7)=TRUE,ISBLANK(L7)=TRUE,ISBLANK(M7)=TRUE),"",SUM(D7:M7))
A8: =คะแนนเก็บ!A8 -> 4 | B8: =คะแนนเก็บ!B8 -> 0 | C8: =คะแนนเก็บ!C8 -> 0 | N8: =IF(AND(ISBLANK(D8)=TRUE,ISBLANK(E8)=TRUE,ISBLANK(F8)=TRUE,ISBLANK(G8)=TRUE,ISBLANK(H8)=TRUE,ISBLANK(I8)=TRUE,ISBLANK(J8)=TRUE,ISBLANK(K8)=TRUE,ISBLANK(L8)=TRUE,ISBLANK(M8)=TRUE),"",SUM(D8:M8))
A9: =คะแนนเก็บ!A9 -> 5 | B9: =คะแนนเก็บ!B9 -> 0 | C9: =คะแนนเก็บ!C9 -> 0 | N9: =IF(AND(ISBLANK(D9)=TRUE,ISBLANK(E9)=TRUE,ISBLANK(F9)=TRUE,ISBLANK(G9)=TRUE,ISBLANK(H9)=TRUE,ISBLANK(I9)=TRUE,ISBLANK(J9)=TRUE,ISBLANK(K9)=TRUE,ISBLANK(L9)=TRUE,ISBLANK(M9)=TRUE),"",SUM(D9:M9))
A10: =คะแนนเก็บ!A10 -> 6 | B10: =คะแนนเก็บ!B10 -> 0 | C10: =คะแนนเก็บ!C10 -> 0 | N10: =IF(AND(ISBLANK(D10)=TRUE,ISBLANK(E10)=TRUE,ISBLANK(F10)=TRUE,ISBLANK(G10)=TRUE,ISBLANK(H10)=TRUE,ISBLANK(I10)=TRUE,ISBLANK(J10)=TRUE,ISBLANK(K10)=TRUE,ISBLANK(L10)=TRUE,ISBLANK(M10)=TRUE),"",SUM(D10:M10))
A11: =คะแนนเก็บ!A11 -> 7 | B11: =คะแนนเก็บ!B11 -> 0 | C11: =คะแนนเก็บ!C11 -> 0 | N11: =IF(AND(ISBLANK(D11)=TRUE,ISBLANK(E11)=TRUE,ISBLANK(F11)=TRUE,ISBLANK(G11)=TRUE,ISBLANK(H11)=TRUE,ISBLANK(I11)=TRUE,ISBLANK(J11)=TRUE,ISBLANK(K11)=TRUE,ISBLANK(L11)=TRUE,ISBLANK(M11)=TRUE),"",SUM(D11:M11))
A12: =คะแนนเก็บ!A12 -> 8 | B12: =คะแนนเก็บ!B12 -> 0 | C12: =คะแนนเก็บ!C12 -> 0 | N12: =IF(AND(ISBLANK(D12)=TRUE,ISBLANK(E12)=TRUE,ISBLANK(F12)=TRUE,ISBLANK(G12)=TRUE,ISBLANK(H12)=TRUE,ISBLANK(I12)=TRUE,ISBLANK(J12)=TRUE,ISBLANK(K12)=TRUE,ISBLANK(L12)=TRUE,ISBLANK(M12)=TRUE),"",SUM(D12:M12))
A13: =คะแนนเก็บ!A13 -> 9 | B13: =คะแนนเก็บ!B13 -> 0 | C13: =คะแนนเก็บ!C13 -> 0 | N13: =IF(AND(ISBLANK(D13)=TRUE,ISBLANK(E13)=TRUE,ISBLANK(F13)=TRUE,ISBLANK(G13)=TRUE,ISBLANK(H13)=TRUE,ISBLANK(I13)=TRUE,ISBLANK(J13)=TRUE,ISBLANK(K13)=TRUE,ISBLANK(L13)=TRUE,ISBLANK(M13)=TRUE),"",SUM(D13:M13))
A14: =คะแนนเก็บ!A14 -> 10 | B14: =คะแนนเก็บ!B14 -> 0 | C14: =คะแนนเก็บ!C14 -> 0 | N14: =IF(AND(ISBLANK(D14)=TRUE,ISBLANK(E14)=TRUE,ISBLANK(F14)=TRUE,ISBLANK(G14)=TRUE,ISBLANK(H14)=TRUE,ISBLANK(I14)=TRUE,ISBLANK(J14)=TRUE,ISBLANK(K14)=TRUE,ISBLANK(L14)=TRUE,ISBLANK(M14)=TRUE),"",SUM(D14:M14))
A15: =คะแนนเก็บ!A15 -> 11 | B15: =คะแนนเก็บ!B15 -> 0 | C15: =คะแนนเก็บ!C15 -> 0 | N15: =IF(AND(ISBLANK(D15)=TRUE,ISBLANK(E15)=TRUE,ISBLANK(F15)=TRUE,ISBLANK(G15)=TRUE,ISBLANK(H15)=TRUE,ISBLANK(I15)=TRUE,ISBLANK(J15)=TRUE,ISBLANK(K15)=TRUE,ISBLANK(L15)=TRUE,ISBLANK(M15)=TRUE),"",SUM(D15:M15))
A16: =คะแนนเก็บ!A16 -> 12 | B16: =คะแนนเก็บ!B16 -> 0 | C16: =คะแนนเก็บ!C16 -> 0 | N16: =IF(AND(ISBLANK(D16)=TRUE,ISBLANK(E16)=TRUE,ISBLANK(F16)=TRUE,ISBLANK(G16)=TRUE,ISBLANK(H16)=TRUE,ISBLANK(I16)=TRUE,ISBLANK(J16)=TRUE,ISBLANK(K16)=TRUE,ISBLANK(L16)=TRUE,ISBLANK(M16)=TRUE),"",SUM(D16:M16))
... A64: =คะแนนเก็บ!A64 -> 60 | B64: =คะแนนเก็บ!B64 -> 0 | C64: =คะแนนเก็บ!C64 -> 0 | N64: =IF(AND(ISBLANK(D64)=TRUE,ISBLANK(E64)=TRUE,ISBLANK(F64)=TRUE,ISBLANK(G64)=TRUE,ISBLANK(H64)=TRUE,ISBLANK(I64)=TRUE,ISBLANK(J64)=TRUE,ISBLANK(K64)=TRUE,ISBLANK(L64)=TRUE,ISBLANK(M64)=TRUE),"",SUM(D64:M64))

Sheet คะแนนเก็บหลังกลางภาค
A1: ชีท --คะแนนเก็บหลังกลางภาค-- ให้ตั้งชื่อหัวข้อตามความต้องการและกรอกคะแนนเต็มของแต่ล่ะหน่วย ---ช่องใดไม่ใช้งานให้เว้นว่างไว้---
A2: เลขที่ | B2: รหัสนักเรียน | C2: ชื่อหัวข้อ | D2: คะแนนเก็บ/ตัวชี้วัด | X2: รวม
D3: 1 | E3: 2 | F3: 3 | G3: 4 | H3: 5 | I3: 6 | J3: 7 | K3: 8 | L3: 9 | M3: 10 | N3: 11 | O3: 12 | P3: 13 | Q3: 14 | R3: 15 | S3: 16 | T3: 17 | U3: 18 | V3: 19 | W3: 20
C4: คะแนนเต็ม | X4: =IF(AND(ISBLANK(D4)=TRUE,ISBLANK(E4)=TRUE,ISBLANK(F4)=TRUE,ISBLANK(G4)=TRUE,ISBLANK(H4)=TRUE,ISBLANK(I4)=TRUE,ISBLANK(J4)=TRUE,ISBLANK(K4)=TRUE,ISBLANK(L4)=TRUE,ISBLANK(M4)=TRUE,ISBLANK(N4)=TRUE,ISBLANK(O4)=TRUE,ISBLANK(P4)=TRUE,ISBLANK(Q4)=TRUE,ISBLANK(R4)=TRUE,ISBLANK(S4)=TRUE,ISBLANK(T4)=TRUE,ISBLANK(U4)=TRUE,ISBLANK(V4)=TRUE,ISBLANK(W4)=TRUE),"",SUM(D4:W4))
A5: 1 | B5: =คะแนนเก็บ!B5 -> 123 | C5: =คะแนนเก็บ!C5 -> เด็กชายจับจ่าย รักโรงเรียน | X5: =IF(AND(ISBLANK(D5)=TRUE,ISBLANK(E5)=TRUE,ISBLANK(F5)=TRUE,ISBLANK(G5)=TRUE,ISBLANK(H5)=TRUE,ISBLANK(I5)=TRUE,ISBLANK(J5)=TRUE,ISBLANK(K5)=TRUE,ISBLANK(L5)=TRUE,ISBLANK(M5)=TRUE,ISBLANK(N5)=TRUE,ISBLANK(O5)=TRUE,ISBLANK(P5)=TRUE,ISBLANK(Q5)=TRUE,ISBLANK(R5)=TRUE,ISBLANK(S5)=TRUE,ISBLANK(T5)=TRUE,ISBLANK(U5)=TRUE,ISBLANK(V5)=TRUE,ISBLANK(W5)=TRUE),"",SUM(D5:W5))
A6: 2 | B6: =คะแนนเก็บ!B6 -> 456 | C6: =คะแนนเก็บ!C6 -> เด็กชายสคูล ไบร์ท | X6: =IF(AND(ISBLANK(D6)=TRUE,ISBLANK(E6)=TRUE,ISBLANK(F6)=TRUE,ISBLANK(G6)=TRUE,ISBLANK(H6)=TRUE,ISBLANK(I6)=TRUE,ISBLANK(J6)=TRUE,ISBLANK(K6)=TRUE,ISBLANK(L6)=TRUE,ISBLANK(M6)=TRUE,ISBLANK(N6)=TRUE,ISBLANK(O6)=TRUE,ISBLANK(P6)=TRUE,ISBLANK(Q6)=TRUE,ISBLANK(R6)=TRUE,ISBLANK(S6)=TRUE,ISBLANK(T6)=TRUE,ISBLANK(U6)=TRUE,ISBLANK(V6)=TRUE,ISBLANK(W6)=TRUE),"",SUM(D6:W6))
A7: 3 | B7: =คะแนนเก็บ!B7 -> A123 | C7: =คะแนนเก็บ!C7 -> เด็กหญิงน้ำเพชร ใจดี | X7: =IF(AND(ISBLANK(D7)=TRUE,ISBLANK(E7)=TRUE,ISBLANK(F7)=TRUE,ISBLANK(G7)=TRUE,ISBLANK(H7)=TRUE,ISBLANK(I7)=TRUE,ISBLANK(J7)=TRUE,ISBLANK(K7)=TRUE,ISBLANK(L7)=TRUE,ISBLANK(M7)=TRUE,ISBLANK(N7)=TRUE,ISBLANK(O7)=TRUE,ISBLANK(P7)=TRUE,ISBLANK(Q7)=TRUE,ISBLANK(R7)=TRUE,ISBLANK(S7)=TRUE,ISBLANK(T7)=TRUE,ISBLANK(U7)=TRUE,ISBLANK(V7)=TRUE,ISBLANK(W7)=TRUE),"",SUM(D7:W7))
A8: 4 | B8: =คะแนนเก็บ!B8 -> 0 | C8: =คะแนนเก็บ!C8 -> 0 | X8: =IF(AND(ISBLANK(D8)=TRUE,ISBLANK(E8)=TRUE,ISBLANK(F8)=TRUE,ISBLANK(G8)=TRUE,ISBLANK(H8)=TRUE,ISBLANK(I8)=TRUE,ISBLANK(J8)=TRUE,ISBLANK(K8)=TRUE,ISBLANK(L8)=TRUE,ISBLANK(M8)=TRUE,ISBLANK(N8)=TRUE,ISBLANK(O8)=TRUE,ISBLANK(P8)=TRUE,ISBLANK(Q8)=TRUE,ISBLANK(R8)=TRUE,ISBLANK(S8)=TRUE,ISBLANK(T8)=TRUE,ISBLANK(U8)=TRUE,ISBLANK(V8)=TRUE,ISBLANK(W8)=TRUE),"",SUM(D8:W8))
A9: 5 | B9: =คะแนนเก็บ!B9 -> 0 | C9: =คะแนนเก็บ!C9 -> 0 | X9: =IF(AND(ISBLANK(D9)=TRUE,ISBLANK(E9)=TRUE,ISBLANK(F9)=TRUE,ISBLANK(G9)=TRUE,ISBLANK(H9)=TRUE,ISBLANK(I9)=TRUE,ISBLANK(J9)=TRUE,ISBLANK(K9)=TRUE,ISBLANK(L9)=TRUE,ISBLANK(M9)=TRUE,ISBLANK(N9)=TRUE,ISBLANK(O9)=TRUE,ISBLANK(P9)=TRUE,ISBLANK(Q9)=TRUE,ISBLANK(R9)=TRUE,ISBLANK(S9)=TRUE,ISBLANK(T9)=TRUE,ISBLANK(U9)=TRUE,ISBLANK(V9)=TRUE,ISBLANK(W9)=TRUE),"",SUM(D9:W9))
A10: 6 | B10: =คะแนนเก็บ!B10 -> 0 | C10: =คะแนนเก็บ!C10 -> 0 | X10: =IF(AND(ISBLANK(D10)=TRUE,ISBLANK(E10)=TRUE,ISBLANK(F10)=TRUE,ISBLANK(G10)=TRUE,ISBLANK(H10)=TRUE,ISBLANK(I10)=TRUE,ISBLANK(J10)=TRUE,ISBLANK(K10)=TRUE,ISBLANK(L10)=TRUE,ISBLANK(M10)=TRUE,ISBLANK(N10)=TRUE,ISBLANK(O10)=TRUE,ISBLANK(P10)=TRUE,ISBLANK(Q10)=TRUE,ISBLANK(R10)=TRUE,ISBLANK(S10)=TRUE,ISBLANK(T10)=TRUE,ISBLANK(U10)=TRUE,ISBLANK(V10)=TRUE,ISBLANK(W10)=TRUE),"",SUM(D10:W10))
A11: 7 | B11: =คะแนนเก็บ!B11 -> 0 | C11: =คะแนนเก็บ!C11 -> 0 | X11: =IF(AND(ISBLANK(D11)=TRUE,ISBLANK(E11)=TRUE,ISBLANK(F11)=TRUE,ISBLANK(G11)=TRUE,ISBLANK(H11)=TRUE,ISBLANK(I11)=TRUE,ISBLANK(J11)=TRUE,ISBLANK(K11)=TRUE,ISBLANK(L11)=TRUE,ISBLANK(M11)=TRUE,ISBLANK(N11)=TRUE,ISBLANK(O11)=TRUE,ISBLANK(P11)=TRUE,ISBLANK(Q11)=TRUE,ISBLANK(R11)=TRUE,ISBLANK(S11)=TRUE,ISBLANK(T11)=TRUE,ISBLANK(U11)=TRUE,ISBLANK(V11)=TRUE,ISBLANK(W11)=TRUE),"",SUM(D11:W11))
A12: 8 | B12: =คะแนนเก็บ!B12 -> 0 | C12: =คะแนนเก็บ!C12 -> 0 | X12: =IF(AND(ISBLANK(D12)=TRUE,ISBLANK(E12)=TRUE,ISBLANK(F12)=TRUE,ISBLANK(G12)=TRUE,ISBLANK(H12)=TRUE,ISBLANK(I12)=TRUE,ISBLANK(J12)=TRUE,ISBLANK(K12)=TRUE,ISBLANK(L12)=TRUE,ISBLANK(M12)=TRUE,ISBLANK(N12)=TRUE,ISBLANK(O12)=TRUE,ISBLANK(P12)=TRUE,ISBLANK(Q12)=TRUE,ISBLANK(R12)=TRUE,ISBLANK(S12)=TRUE,ISBLANK(T12)=TRUE,ISBLANK(U12)=TRUE,ISBLANK(V12)=TRUE,ISBLANK(W12)=TRUE),"",SUM(D12:W12))
A13: 9 | B13: =คะแนนเก็บ!B13 -> 0 | C13: =คะแนนเก็บ!C13 -> 0 | X13: =IF(AND(ISBLANK(D13)=TRUE,ISBLANK(E13)=TRUE,ISBLANK(F13)=TRUE,ISBLANK(G13)=TRUE,ISBLANK(H13)=TRUE,ISBLANK(I13)=TRUE,ISBLANK(J13)=TRUE,ISBLANK(K13)=TRUE,ISBLANK(L13)=TRUE,ISBLANK(M13)=TRUE,ISBLANK(N13)=TRUE,ISBLANK(O13)=TRUE,ISBLANK(P13)=TRUE,ISBLANK(Q13)=TRUE,ISBLANK(R13)=TRUE,ISBLANK(S13)=TRUE,ISBLANK(T13)=TRUE,ISBLANK(U13)=TRUE,ISBLANK(V13)=TRUE,ISBLANK(W13)=TRUE),"",SUM(D13:W13))
A14: 10 | B14: =คะแนนเก็บ!B14 -> 0 | C14: =คะแนนเก็บ!C14 -> 0 | X14: =IF(AND(ISBLANK(D14)=TRUE,ISBLANK(E14)=TRUE,ISBLANK(F14)=TRUE,ISBLANK(G14)=TRUE,ISBLANK(H14)=TRUE,ISBLANK(I14)=TRUE,ISBLANK(J14)=TRUE,ISBLANK(K14)=TRUE,ISBLANK(L14)=TRUE,ISBLANK(M14)=TRUE,ISBLANK(N14)=TRUE,ISBLANK(O14)=TRUE,ISBLANK(P14)=TRUE,ISBLANK(Q14)=TRUE,ISBLANK(R14)=TRUE,ISBLANK(S14)=TRUE,ISBLANK(T14)=TRUE,ISBLANK(U14)=TRUE,ISBLANK(V14)=TRUE,ISBLANK(W14)=TRUE),"",SUM(D14:W14))
A15: 11 | B15: =คะแนนเก็บ!B15 -> 0 | C15: =คะแนนเก็บ!C15 -> 0 | X15: =IF(AND(ISBLANK(D15)=TRUE,ISBLANK(E15)=TRUE,ISBLANK(F15)=TRUE,ISBLANK(G15)=TRUE,ISBLANK(H15)=TRUE,ISBLANK(I15)=TRUE,ISBLANK(J15)=TRUE,ISBLANK(K15)=TRUE,ISBLANK(L15)=TRUE,ISBLANK(M15)=TRUE,ISBLANK(N15)=TRUE,ISBLANK(O15)=TRUE,ISBLANK(P15)=TRUE,ISBLANK(Q15)=TRUE,ISBLANK(R15)=TRUE,ISBLANK(S15)=TRUE,ISBLANK(T15)=TRUE,ISBLANK(U15)=TRUE,ISBLANK(V15)=TRUE,ISBLANK(W15)=TRUE),"",SUM(D15:W15))
A16: 12 | B16: =คะแนนเก็บ!B16 -> 0 | C16: =คะแนนเก็บ!C16 -> 0 | X16: =IF(AND(ISBLANK(D16)=TRUE,ISBLANK(E16)=TRUE,ISBLANK(F16)=TRUE,ISBLANK(G16)=TRUE,ISBLANK(H16)=TRUE,ISBLANK(I16)=TRUE,ISBLANK(J16)=TRUE,ISBLANK(K16)=TRUE,ISBLANK(L16)=TRUE,ISBLANK(M16)=TRUE,ISBLANK(N16)=TRUE,ISBLANK(O16)=TRUE,ISBLANK(P16)=TRUE,ISBLANK(Q16)=TRUE,ISBLANK(R16)=TRUE,ISBLANK(S16)=TRUE,ISBLANK(T16)=TRUE,ISBLANK(U16)=TRUE,ISBLANK(V16)=TRUE,ISBLANK(W16)=TRUE),"",SUM(D16:W16))
... A64: 60 | B64: =คะแนนเก็บ!B64 -> 0 | C64: =คะแนนเก็บ!C64 -> 0 | X64: =IF(AND(ISBLANK(D64)=TRUE,ISBLANK(E64)=TRUE,ISBLANK(F64)=TRUE,ISBLANK(G64)=TRUE,ISBLANK(H64)=TRUE,ISBLANK(I64)=TRUE,ISBLANK(J64)=TRUE,ISBLANK(K64)=TRUE,ISBLANK(L64)=TRUE,ISBLANK(M64)=TRUE,ISBLANK(N64)=TRUE,ISBLANK(O64)=TRUE,ISBLANK(P64)=TRUE,ISBLANK(Q64)=TRUE,ISBLANK(R64)=TRUE,ISBLANK(S64)=TRUE,ISBLANK(T64)=TRUE,ISBLANK(U64)=TRUE,ISBLANK(V64)=TRUE,ISBLANK(W64)=TRUE),"",SUM(D64:W64))

Sheet ปลายภาค
A1: ชีท --ปลายภาค-- ให้ตั้งชื่อหัวข้อตามความต้องการและกรอกคะแนนเต็มของแต่ล่ะหน่วย ---ช่องใดไม่ใช้งานให้เว้นว่างไว้---
A2: เลขที่ | B2: รหัสนักเรียน | C2: ชื่อหัวข้อ | D2: คะแนนสอบปลายภาค | N2: รวม
D3: 1 | E3: 2 | F3: 3 | G3: 4 | H3: 5 | I3: 6 | J3: 7 | K3: 8 | L3: 9 | M3: 10
C4: คะแนนเต็ม | N4: =IF(AND(ISBLANK(D4)=TRUE,ISBLANK(E4)=TRUE,ISBLANK(F4)=TRUE,ISBLANK(G4)=TRUE,ISBLANK(H4)=TRUE,ISBLANK(I4)=TRUE,ISBLANK(J4)=TRUE,ISBLANK(K4)=TRUE,ISBLANK(L4)=TRUE,ISBLANK(M4)=TRUE),"",SUM(D4:M4))
A5: =คะแนนเก็บ!A5 -> 1 | B5: =คะแนนเก็บ!B5 -> 123 | C5: =คะแนนเก็บ!C5 -> เด็กชายจับจ่าย รักโรงเรียน | N5: =IF(AND(ISBLANK(D5)=TRUE,ISBLANK(E5)=TRUE,ISBLANK(F5)=TRUE,ISBLANK(G5)=TRUE,ISBLANK(H5)=TRUE,ISBLANK(I5)=TRUE,ISBLANK(J5)=TRUE,ISBLANK(K5)=TRUE,ISBLANK(L5)=TRUE,ISBLANK(M5)=TRUE),"",SUM(D5:M5))
A6: =คะแนนเก็บ!A6 -> 2 | B6: =คะแนนเก็บ!B6 -> 456 | C6: =คะแนนเก็บ!C6 -> เด็กชายสคูล ไบร์ท | N6: =IF(AND(ISBLANK(D6)=TRUE,ISBLANK(E6)=TRUE,ISBLANK(F6)=TRUE,ISBLANK(G6)=TRUE,ISBLANK(H6)=TRUE,ISBLANK(I6)=TRUE,ISBLANK(J6)=TRUE,ISBLANK(K6)=TRUE,ISBLANK(L6)=TRUE,ISBLANK(M6)=TRUE),"",SUM(D6:M6))
A7: =คะแนนเก็บ!A7 -> 3 | B7: =คะแนนเก็บ!B7 -> A123 | C7: =คะแนนเก็บ!C7 -> เด็กหญิงน้ำเพชร ใจดี | N7: =IF(AND(ISBLANK(D7)=TRUE,ISBLANK(E7)=TRUE,ISBLANK(F7)=TRUE,ISBLANK(G7)=TRUE,ISBLANK(H7)=TRUE,ISBLANK(I7)=TRUE,ISBLANK(J7)=TRUE,ISBLANK(K7)=TRUE,ISBLANK(L7)=TRUE,ISBLANK(M7)=TRUE),"",SUM(D7:M7))
A8: =คะแนนเก็บ!A8 -> 4 | B8: =คะแนนเก็บ!B8 -> 0 | C8: =คะแนนเก็บ!C8 -> 0 | N8: =IF(AND(ISBLANK(D8)=TRUE,ISBLANK(E8)=TRUE,ISBLANK(F8)=TRUE,ISBLANK(G8)=TRUE,ISBLANK(H8)=TRUE,ISBLANK(I8)=TRUE,ISBLANK(J8)=TRUE,ISBLANK(K8)=TRUE,ISBLANK(L8)=TRUE,ISBLANK(M8)=TRUE),"",SUM(D8:M8))
A9: =คะแนนเก็บ!A9 -> 5 | B9: =คะแนนเก็บ!B9 -> 0 | C9: =คะแนนเก็บ!C9 -> 0 | N9: =IF(AND(ISBLANK(D9)=TRUE,ISBLANK(E9)=TRUE,ISBLANK(F9)=TRUE,ISBLANK(G9)=TRUE,ISBLANK(H9)=TRUE,ISBLANK(I9)=TRUE,ISBLANK(J9)=TRUE,ISBLANK(K9)=TRUE,ISBLANK(L9)=TRUE,ISBLANK(M9)=TRUE),"",SUM(D9:M9))
A10: =คะแนนเก็บ!A10 -> 6 | B10: =คะแนนเก็บ!B10 -> 0 | C10: =คะแนนเก็บ!C10 -> 0 | N10: =IF(AND(ISBLANK(D10)=TRUE,ISBLANK(E10)=TRUE,ISBLANK(F10)=TRUE,ISBLANK(G10)=TRUE,ISBLANK(H10)=TRUE,ISBLANK(I10)=TRUE,ISBLANK(J10)=TRUE,ISBLANK(K10)=TRUE,ISBLANK(L10)=TRUE,ISBLANK(M10)=TRUE),"",SUM(D10:M10))
A11: =คะแนนเก็บ!A11 -> 7 | B11: =คะแนนเก็บ!B11 -> 0 | C11: =คะแนนเก็บ!C11 -> 0 | N11: =IF(AND(ISBLANK(D11)=TRUE,ISBLANK(E11)=TRUE,ISBLANK(F11)=TRUE,ISBLANK(G11)=TRUE,ISBLANK(H11)=TRUE,ISBLANK(I11)=TRUE,ISBLANK(J11)=TRUE,ISBLANK(K11)=TRUE,ISBLANK(L11)=TRUE,ISBLANK(M11)=TRUE),"",SUM(D11:M11))
A12: =คะแนนเก็บ!A12 -> 8 | B12: =คะแนนเก็บ!B12 -> 0 | C12: =คะแนนเก็บ!C12 -> 0 | N12: =IF(AND(ISBLANK(D12)=TRUE,ISBLANK(E12)=TRUE,ISBLANK(F12)=TRUE,ISBLANK(G12)=TRUE,ISBLANK(H12)=TRUE,ISBLANK(I12)=TRUE,ISBLANK(J12)=TRUE,ISBLANK(K12)=TRUE,ISBLANK(L12)=TRUE,ISBLANK(M12)=TRUE),"",SUM(D12:M12))
A13: =คะแนนเก็บ!A13 -> 9 | B13: =คะแนนเก็บ!B13 -> 0 | C13: =คะแนนเก็บ!C13 -> 0 | N13: =IF(AND(ISBLANK(D13)=TRUE,ISBLANK(E13)=TRUE,ISBLANK(F13)=TRUE,ISBLANK(G13)=TRUE,ISBLANK(H13)=TRUE,ISBLANK(I13)=TRUE,ISBLANK(J13)=TRUE,ISBLANK(K13)=TRUE,ISBLANK(L13)=TRUE,ISBLANK(M13)=TRUE),"",SUM(D13:M13))
A14: =คะแนนเก็บ!A14 -> 10 | B14: =คะแนนเก็บ!B14 -> 0 | C14: =คะแนนเก็บ!C14 -> 0 | N14: =IF(AND(ISBLANK(D14)=TRUE,ISBLANK(E14)=TRUE,ISBLANK(F14)=TRUE,ISBLANK(G14)=TRUE,ISBLANK(H14)=TRUE,ISBLANK(I14)=TRUE,ISBLANK(J14)=TRUE,ISBLANK(K14)=TRUE,ISBLANK(L14)=TRUE,ISBLANK(M14)=TRUE),"",SUM(D14:M14))
A15: =คะแนนเก็บ!A15 -> 11 | B15: =คะแนนเก็บ!B15 -> 0 | C15: =คะแนนเก็บ!C15 -> 0 | N15: =IF(AND(ISBLANK(D15)=TRUE,ISBLANK(E15)=TRUE,ISBLANK(F15)=TRUE,ISBLANK(G15)=TRUE,ISBLANK(H15)=TRUE,ISBLANK(I15)=TRUE,ISBLANK(J15)=TRUE,ISBLANK(K15)=TRUE,ISBLANK(L15)=TRUE,ISBLANK(M15)=TRUE),"",SUM(D15:M15))
A16: =คะแนนเก็บ!A16 -> 12 | B16: =คะแนนเก็บ!B16 -> 0 | C16: =คะแนนเก็บ!C16 -> 0 | N16: =IF(AND(ISBLANK(D16)=TRUE,ISBLANK(E16)=TRUE,ISBLANK(F16)=TRUE,ISBLANK(G16)=TRUE,ISBLANK(H16)=TRUE,ISBLANK(I16)=TRUE,ISBLANK(J16)=TRUE,ISBLANK(K16)=TRUE,ISBLANK(L16)=TRUE,ISBLANK(M16)=TRUE),"",SUM(D16:M16))
... A64: =คะแนนเก็บ!A64 -> 60 | B64: =คะแนนเก็บ!B64 -> 0 | C64: =คะแนนเก็บ!C64 -> 0 | N64: =IF(AND(ISBLANK(D64)=TRUE,ISBLANK(E64)=TRUE,ISBLANK(F64)=TRUE,ISBLANK(G64)=TRUE,ISBLANK(H64)=TRUE,ISBLANK(I64)=TRUE,ISBLANK(J64)=TRUE,ISBLANK(K64)=TRUE,ISBLANK(L64)=TRUE,ISBLANK(M64)=TRUE),"",SUM(D64:M64))

Sheet คุณลักษณะอันพึงประสงค์
A1: ชีท --คุณลักษณะอันพึงประสงค์-- ---ช่องใดไม่ใช้งานให้เว้นว่างไว้---
A2: เลขที่ | B2: รหัสนักเรียน | C2: ชื่อหัวข้อ | D2: คะแนนสอบปลายภาค | X2: รวม
D3: 1 รักชาติ ศาสน์ กษัตริย์ | E3: 2 ซื่อสัตย์สุจริต | F3: 3 มีวินัย | G3: 4 ใฝ่เรียนรู้ | H3: 5 อยู่อย่างพอเพียง | I3: 6 มุ่งมั่นในการทำงาน | J3: 7 รักความเป็นไทย | K3: 8 มีจิตสาธารณะ | L3: 9 | M3: 10 | N3: 11 | O3: 12 | P3: 13 | Q3: 14 | R3: 15 | S3: 16 | T3: 17 | U3: 18 | V3: 19 | W3: 20
C4: คะแนนเต็ม | D4: 3 | E4: 3 | F4: 3 | G4: 3 | H4: 3 | I4: 3 | J4: 3 | K4: 3 | X4: =IFERROR(MAX(_xlfn.MODE.MULT(D4:W4)), "") -> 3 | Y4: ข้อควรระวัง : คะแนนเต็มต้องตรงกับหน้าบันทึกคะแนน
A5: =คะแนนเก็บ!A5 -> 1 | B5: =คะแนนเก็บ!B5 -> 123 | C5: =คะแนนเก็บ!C5 -> เด็กชายจับจ่าย รักโรงเรียน | X5: =IFERROR(MAX(_xlfn.MODE.MULT(D5:W5)), "")
A6: =คะแนนเก็บ!A6 -> 2 | B6: =คะแนนเก็บ!B6 -> 456 | C6: =คะแนนเก็บ!C6 -> เด็กชายสคูล ไบร์ท | X6: =IFERROR(MAX(_xlfn.MODE.MULT(D6:W6)), "")
A7: =คะแนนเก็บ!A7 -> 3 | B7: =คะแนนเก็บ!B7 -> A123 | C7: =คะแนนเก็บ!C7 -> เด็กหญิงน้ำเพชร ใจดี | X7: =IFERROR(MAX(_xlfn.MODE.MULT(D7:W7)), "")
A8: =คะแนนเก็บ!A8 -> 4 | B8: =คะแนนเก็บ!B8 -> 0 | C8: =คะแนนเก็บ!C8 -> 0 | X8: =IFERROR(MAX(_xlfn.MODE.MULT(D8:W8)), "")
A9: =คะแนนเก็บ!A9 -> 5 | B9: =คะแนนเก็บ!B9 -> 0 | C9: =คะแนนเก็บ!C9 -> 0 | X9: =IFERROR(MAX(_xlfn.MODE.MULT(D9:W9)), "")
A10: =คะแนนเก็บ!A10 -> 6 | B10: =คะแนนเก็บ!B10 -> 0 | C10: =คะแนนเก็บ!C10 -> 0 | X10: =IFERROR(MAX(_xlfn.MODE.MULT(D10:W10)), "")
A11: =คะแนนเก็บ!A11 -> 7 | B11: =คะแนนเก็บ!B11 -> 0 | C11: =คะแนนเก็บ!C11 -> 0 | X11: =IFERROR(MAX(_xlfn.MODE.MULT(D11:W11)), "")
A12: =คะแนนเก็บ!A12 -> 8 | B12: =คะแนนเก็บ!B12 -> 0 | C12: =คะแนนเก็บ!C12 -> 0 | X12: =IFERROR(MAX(_xlfn.MODE.MULT(D12:W12)), "")
A13: =คะแนนเก็บ!A13 -> 9 | B13: =คะแนนเก็บ!B13 -> 0 | C13: =คะแนนเก็บ!C13 -> 0 | X13: =IFERROR(MAX(_xlfn.MODE.MULT(D13:W13)), "")
A14: =คะแนนเก็บ!A14 -> 10 | B14: =คะแนนเก็บ!B14 -> 0 | C14: =คะแนนเก็บ!C14 -> 0 | X14: =IFERROR(MAX(_xlfn.MODE.MULT(D14:W14)), "")
A15: =คะแนนเก็บ!A15 -> 11 | B15: =คะแนนเก็บ!B15 -> 0 | C15: =คะแนนเก็บ!C15 -> 0 | X15: =IFERROR(MAX(_xlfn.MODE.MULT(D15:W15)), "")
A16: =คะแนนเก็บ!A16 -> 12 | B16: =คะแนนเก็บ!B16 -> 0 | C16: =คะแนนเก็บ!C16 -> 0 | X16: =IFERROR(MAX(_xlfn.MODE.MULT(D16:W16)), "")
... A63: =คะแนนเก็บ!A63 -> 59 | B63: =คะแนนเก็บ!B63 -> 0 | C63: =คะแนนเก็บ!C63 -> 0 | X63: =IFERROR(MAX(_xlfn.MODE.MULT(D63:W63)), "")
A64: =คะแนนเก็บ!A64 -> 60 | B64: =คะแนนเก็บ!B64 -> 0 | C64: =คะแนนเก็บ!C64 -> 0 | N64: 2 | W64: 1 | X64: =IFERROR(MAX(_xlfn.MODE.MULT(D64:W64)), "")

Sheet อ่านคิดวิเคราะห์
A1: ชีท --อ่าน คิด วิเคราะห์-- หากให้ระบบคำนวณอัติโนมัติไม่ต้องทำอะไรในหน้านี้ให้ปล่อยว่างไว้
A2: เลขที่ | B2: รหัสนักเรียน | C2: ชื่อหัวข้อ | D2: อ่านคิดวิเคราะห์และเขียน | I2: รวม
D3: 1 การอ่าน | E3: 2 การคิดวิเคราะห์ | F3: 3 การเขียน
C4: คะแนนเต็ม | D4: 3 | E4: 3 | F4: 3 | I4: =IFERROR(MAX(_xlfn.MODE.MULT(D4:H4)), "") -> 3 | J4: ข้อควรระวัง : คะแนนเต็มต้องตรงกับหน้าบันทึกคะแนน
A5: =คะแนนเก็บ!A5 -> 1 | B5: =คะแนนเก็บ!B5 -> 123 | C5: =คะแนนเก็บ!C5 -> เด็กชายจับจ่าย รักโรงเรียน | I5: =IFERROR(MAX(_xlfn.MODE.MULT(D5:H5)), "")
A6: =คะแนนเก็บ!A6 -> 2 | B6: =คะแนนเก็บ!B6 -> 456 | C6: =คะแนนเก็บ!C6 -> เด็กชายสคูล ไบร์ท | I6: =IFERROR(MAX(_xlfn.MODE.MULT(D6:H6)), "")
A7: =คะแนนเก็บ!A7 -> 3 | B7: =คะแนนเก็บ!B7 -> A123 | C7: =คะแนนเก็บ!C7 -> เด็กหญิงน้ำเพชร ใจดี | I7: =IFERROR(MAX(_xlfn.MODE.MULT(D7:H7)), "")
A8: =คะแนนเก็บ!A8 -> 4 | B8: =คะแนนเก็บ!B8 -> 0 | C8: =คะแนนเก็บ!C8 -> 0 | I8: =IFERROR(MAX(_xlfn.MODE.MULT(D8:H8)), "")
A9: =คะแนนเก็บ!A9 -> 5 | B9: =คะแนนเก็บ!B9 -> 0 | C9: =คะแนนเก็บ!C9 -> 0 | I9: =IFERROR(MAX(_xlfn.MODE.MULT(D9:H9)), "")
A10: =คะแนนเก็บ!A10 -> 6 | B10: =คะแนนเก็บ!B10 -> 0 | C10: =คะแนนเก็บ!C10 -> 0 | I10: =IFERROR(MAX(_xlfn.MODE.MULT(D10:H10)), "")
A11: =คะแนนเก็บ!A11 -> 7 | B11: =คะแนนเก็บ!B11 -> 0 | C11: =คะแนนเก็บ!C11 -> 0 | I11: =IFERROR(MAX(_xlfn.MODE.MULT(D11:H11)), "")
A12: =คะแนนเก็บ!A12 -> 8 | B12: =คะแนนเก็บ!B12 -> 0 | C12: =คะแนนเก็บ!C12 -> 0 | I12: =IFERROR(MAX(_xlfn.MODE.MULT(D12:H12)), "")
A13: =คะแนนเก็บ!A13 -> 9 | B13: =คะแนนเก็บ!B13 -> 0 | C13: =คะแนนเก็บ!C13 -> 0 | I13: =IFERROR(MAX(_xlfn.MODE.MULT(D13:H13)), "")
A14: =คะแนนเก็บ!A14 -> 10 | B14: =คะแนนเก็บ!B14 -> 0 | C14: =คะแนนเก็บ!C14 -> 0 | I14: =IFERROR(MAX(_xlfn.MODE.MULT(D14:H14)), "")
A15: =คะแนนเก็บ!A15 -> 11 | B15: =คะแนนเก็บ!B15 -> 0 | C15: =คะแนนเก็บ!C15 -> 0 | I15: =IFERROR(MAX(_xlfn.MODE.MULT(D15:H15)), "")
A16: =คะแนนเก็บ!A16 -> 12 | B16: =คะแนนเก็บ!B16 -> 0 | C16: =คะแนนเก็บ!C16 -> 0 | I16: =IFERROR(MAX(_xlfn.MODE.MULT(D16:H16)), "")
... A64: =คะแนนเก็บ!A64 -> 60 | B64: =คะแนนเก็บ!B64 -> 0 | C64: =คะแนนเก็บ!C64 -> 0 | I64: =IFERROR(MAX(_xlfn.MODE.MULT(D64:H64)), "")

Sheet สมรรถนะ
A1: ชีท --สมรรถนะ--
A2: เลขที่ | B2: รหัสนักเรียน | C2: ชื่อหัวข้อ | D2: สมรรถนะ | N2: รวม
D3: 1 หัวข้อตามที่ตั้งค่าในระบบ | E3: 2 หัวข้อตามที่ตั้งค่าในระบบ | F3: 3 หัวข้อตามที่ตั้งค่าในระบบ | G3: 4 หัวข้อตามที่ตั้งค่าในระบบ | H3: 5 หัวข้อตามที่ตั้งค่าในระบบ | I3: 6 หัวข้อตามที่ตั้งค่าในระบบ | J3: 7 หัวข้อตามที่ตั้งค่าในระบบ | K3: 8 หัวข้อตามที่ตั้งค่าในระบบ | L3: 9 หัวข้อตามที่ตั้งค่าในระบบ | M3: 10 หัวข้อตามที่ตั้งค่าในระบบ
C4: คะแนนเต็ม | D4: 3 | E4: 3 | F4: 3 | G4: 3 | H4: 3 | N4: =IFERROR(MAX(_xlfn.MODE.MULT(D4:M4)), "") -> 3 | O4: ข้อควรระวัง : คะแนนเต็มต้องตรงกับหน้าบันทึกคะแนน
A5: =คะแนนเก็บ!A5 -> 1 | B5: =คะแนนเก็บ!B5 -> 123 | C5: =คะแนนเก็บ!C5 -> เด็กชายจับจ่าย รักโรงเรียน | N5: =IFERROR(MAX(_xlfn.MODE.MULT(D5:M5)), "")
A6: =คะแนนเก็บ!A6 -> 2 | B6: =คะแนนเก็บ!B6 -> 456 | C6: =คะแนนเก็บ!C6 -> เด็กชายสคูล ไบร์ท | N6: =IFERROR(MAX(_xlfn.MODE.MULT(D6:M6)), "")
A7: =คะแนนเก็บ!A7 -> 3 | B7: =คะแนนเก็บ!B7 -> A123 | C7: =คะแนนเก็บ!C7 -> เด็กหญิงน้ำเพชร ใจดี | N7: =IFERROR(MAX(_xlfn.MODE.MULT(D7:M7)), "")
A8: =คะแนนเก็บ!A8 -> 4 | B8: =คะแนนเก็บ!B8 -> 0 | C8: =คะแนนเก็บ!C8 -> 0 | N8: =IFERROR(MAX(_xlfn.MODE.MULT(D8:M8)), "")
A9: =คะแนนเก็บ!A9 -> 5 | B9: =คะแนนเก็บ!B9 -> 0 | C9: =คะแนนเก็บ!C9 -> 0 | N9: =IFERROR(MAX(_xlfn.MODE.MULT(D9:M9)), "")
A10: =คะแนนเก็บ!A10 -> 6 | B10: =คะแนนเก็บ!B10 -> 0 | C10: =คะแนนเก็บ!C10 -> 0 | N10: =IFERROR(MAX(_xlfn.MODE.MULT(D10:M10)), "")
A11: =คะแนนเก็บ!A11 -> 7 | B11: =คะแนนเก็บ!B11 -> 0 | C11: =คะแนนเก็บ!C11 -> 0 | N11: =IFERROR(MAX(_xlfn.MODE.MULT(D11:M11)), "")
A12: =คะแนนเก็บ!A12 -> 8 | B12: =คะแนนเก็บ!B12 -> 0 | C12: =คะแนนเก็บ!C12 -> 0 | N12: =IFERROR(MAX(_xlfn.MODE.MULT(D12:M12)), "")
A13: =คะแนนเก็บ!A13 -> 9 | B13: =คะแนนเก็บ!B13 -> 0 | C13: =คะแนนเก็บ!C13 -> 0 | N13: =IFERROR(MAX(_xlfn.MODE.MULT(D13:M13)), "")
A14: =คะแนนเก็บ!A14 -> 10 | B14: =คะแนนเก็บ!B14 -> 0 | C14: =คะแนนเก็บ!C14 -> 0 | N14: =IFERROR(MAX(_xlfn.MODE.MULT(D14:M14)), "")
A15: =คะแนนเก็บ!A15 -> 11 | B15: =คะแนนเก็บ!B15 -> 0 | C15: =คะแนนเก็บ!C15 -> 0 | N15: =IFERROR(MAX(_xlfn.MODE.MULT(D15:M15)), "")
A16: =คะแนนเก็บ!A16 -> 12 | B16: =คะแนนเก็บ!B16 -> 0 | C16: =คะแนนเก็บ!C16 -> 0 | N16: =IFERROR(MAX(_xlfn.MODE.MULT(D16:M16)), "")
... A64: =คะแนนเก็บ!A64 -> 60 | B64: =คะแนนเก็บ!B64 -> 0 | C64: =คะแนนเก็บ!C64 -> 0 | N64: =IFERROR(MAX(_xlfn.MODE.MULT(D64:M64)), "")

Sheet สำหรับdev1
A1: fRatioQuiz | B1: fRatioBeforeMidTerm | C1: fRatioAfterMidTerm | D1: fRatioMidTerm | E1: fRatioLateTerm | F1: fRatioQuizPass | G1: maxGrade1 | H1: maxGrade2 | I1: maxGrade3 | J1: maxGrade4 | K1: maxGrade5 | L1: maxGrade6 | M1: maxGrade7 | N1: maxGrade8 | O1: maxGrade9 | P1: maxGrade10 | Q1: maxGrade11 | R1: maxGrade12 | S1: maxGrade13 | T1: maxGrade14 | U1: maxGrade15 | V1: maxGrade16 | W1: maxGrade17 | X1: maxGrade18 | Y1: maxGrade19 | Z1: maxGrade20 | AA1: nameGrade1 | AB1: nameGrade2 | AC1: nameGrade3 | AD1: nameGrade4 | AE1: nameGrade5 | AF1: nameGrade6 | AG1: nameGrade7 | AH1: nameGrade8 | AI1: nameGrade9 | AJ1: nameGrade10 | AK1: nameGrade11 | AL1: nameGrade12 | AM1: nameGrade13 | AN1: nameGrade14 | AO1: nameGrade15 | AP1: nameGrade16 | AQ1: nameGrade17 | AR1: nameGrade18 | AS1: nameGrade19 | AT1: nameGrade20 | AU1: maxCheewat1 | AV1: maxCheewat2 | AW1: maxCheewat3 | AX1: maxCheewat4 | AY1: maxCheewat5 | AZ1: maxCheewat6 | BA1: maxCheewat7 | BB1: maxCheewat8 | BC1: maxCheewat9 | BD1: maxCheewat10 | BE1: maxCheewat11 | BF1: maxCheewat12 | BG1: maxCheewat13 | BH1: maxCheewat14 | BI1: maxCheewat15 | BJ1: maxCheewat16 | BK1: maxCheewat17 | BL1: maxCheewat18 | BM1: maxCheewat19 | BN1: maxCheewat20 | BO1: nameCheewat1 | BP1: nameCheewat2 | BQ1: nameCheewat3 | BR1: nameCheewat4 | BS1: nameCheewat5 | BT1: nameCheewat6 | BU1: nameCheewat7 | BV1: nameCheewat8 | BW1: nameCheewat9 | BX1: nameCheewat10 | BY1: nameCheewat11 | BZ1: nameCheewat12 | CA1: nameCheewat13 | CB1: nameCheewat14 | CC1: nameCheewat15 | CD1: nameCheewat16 | CE1: nameCheewat17 | CF1: nameCheewat18 | CG1: nameCheewat19 | CH1: nameCheewat20 | CI1: maxBehavior1 | CJ1: maxBehavior2 | CK1: maxBehavior3 | CL1: maxBehavior4 | CM1: maxBehavior5 | CN1: maxBehavior6 | CO1: maxBehavior7 | CP1: maxBehavior8 | CQ1: maxBehavior9 | CR1: maxBehavior10 | CS1: nameBehavior1 | CT1: nameBehavior2 | CU1: nameBehavior3 | CV1: nameBehavior4 | CW1: nameBehavior5 | CX1: nameBehavior6 | CY1: nameBehavior7 | CZ1: nameBehavior8 | DA1: nameBehavior9 | DB1: nameBehavior10 | DC1: nameMid1 | DD1: nameMid2 | DE1: nameMid3 | DF1: nameMid4 | DG1: nameMid5 | DH1: nameMid6 | DI1: nameMid7 | DJ1: nameMid8 | DK1: nameMid9 | DL1: nameMid10 | DM1: nameFinal1 | DN1: nameFinal2 | DO1: nameFinal3 | DP1: nameFinal4 | DQ1: nameFinal5 | DR1: nameFinal6 | DS1: nameFinal7 | DT1: nameFinal8 | DU1: nameFinal9 | DV1: nameFinal10 | DW1: maxMid1 | DX1: maxMid2 | DY1: maxMid3 | DZ1: maxMid4 | EA1: maxMid5 | EB1: maxMid6 | EC1: maxMid7 | ED1: maxMid8 | EE1: maxMid9 | EF1: maxMid10 | EG1: maxFinal1 | EH1: maxFinal2 | EI1: maxFinal3 | EJ1: maxFinal4 | EK1: maxFinal5 | EL1: maxFinal6 | EM1: maxFinal7 | EN1: maxFinal8 | EO1: maxFinal9 | EP1: maxFinal10 | EQ1: maxBeforeMidTermTotal | ER1: maxAfterMidTermTotal | ES1: maxgradetotal | ET1: maxmidtotal | EU1: maxfinaltotal | EV1: maxReadWrite1 | EW1: maxReadWrite2 | EX1: maxReadWrite3 | EY1: maxReadWrite4 | EZ1: maxReadWrite5 | FA1: nameReadWrite1 | FB1: nameReadWrite2 | FC1: nameReadWrite3 | FD1: nameReadWrite4 | FE1: nameReadWrite5 | FF1: maxSamattana1 | FG1: maxSamattana2 | FH1: maxSamattana3 | FI1: maxSamattana4 | FJ1: maxSamattana5 | FK1: maxSamattana6 | FL1: maxSamattana7 | FM1: maxSamattana8 | FN1: maxSamattana9 | FO1: maxSamattana10 | FP1: nameSamattana1 | FQ1: nameSamattana2 | FR1: nameSamattana3 | FS1: nameSamattana4 | FT1: nameSamattana5 | FU1: nameSamattana6 | FV1: nameSamattana7 | FW1: nameSamattana8 | FX1: nameSamattana9 | FY1: nameSamattana10 | FZ1: maxBehavior11 | GA1: maxBehavior12 | GB1: maxBehavior13 | GC1: maxBehavior14 | GD1: maxBehavior15 | GE1: maxBehavior16 | GF1: maxBehavior17 | GG1: maxBehavior18 | GH1: maxBehavior19 | GI1: maxBehavior20 | GJ1: nameBehavior11 | GK1: nameBehavior12 | GL1: nameBehavior13 | GM1: nameBehavior14 | GN1: nameBehavior15 | GO1: nameBehavior16 | GP1: nameBehavior17 | GQ1: nameBehavior18 | GR1: nameBehavior19 | GS1: nameBehavior20
A2: =(ตั้งค่าสัดส่วนคะแนน!A3+ตั้งค่าสัดส่วนคะแนน!C3) -> 0 | B2: =ตั้งค่าสัดส่วนคะแนน!A3 -> 0 | C2: =ตั้งค่าสัดส่วนคะแนน!C3 -> 0 | D2: =ตั้งค่าสัดส่วนคะแนน!B3 -> 0 | E2: =ตั้งค่าสัดส่วนคะแนน!D3 -> 0 | F2: =ตั้งค่าสัดส่วนคะแนน!E3 -> 0 | G2: =IF(คะแนนเก็บ!D4=0,"",คะแนนเก็บ!D4) -> 10 | H2: =IF(คะแนนเก็บ!E4=0,"",คะแนนเก็บ!E4) | I2: =IF(คะแนนเก็บ!F4=0,"",คะแนนเก็บ!F4) | J2: =IF(คะแนนเก็บ!G4=0,"",คะแนนเก็บ!G4) | K2: =IF(คะแนนเก็บ!H4=0,"",คะแนนเก็บ!H4) | L2: =IF(คะแนนเก็บ!I4=0,"",คะแนนเก็บ!I4) | M2: =IF(คะแนนเก็บ!J4=0,"",คะแนนเก็บ!J4) | N2: =IF(คะแนนเก็บ!K4=0,"",คะแนนเก็บ!K4) | ... Z2: =IF(คะแนนเก็บ!W4=0,"",คะแนนเก็บ!W4) | AA2: =IF(คะแนนเก็บ!D3=0,"",คะแนนเก็บ!D3) -> ตัวอย่าง | AB2: =IF(คะแนนเก็บ!E3=0,"",คะแนนเก็บ!E3) -> 2 | AC2: =IF(คะแนนเก็บ!F3=0,"",คะแนนเก็บ!F3) -> 3 | AD2: =IF(คะแนนเก็บ!G3=0,"",คะแนนเก็บ!G3) -> 4 | AE2: =IF(คะแนนเก็บ!H3=0,"",คะแนนเก็บ!H3) -> 5 | AF2: =IF(คะแนนเก็บ!I3=0,"",คะแนนเก็บ!I3) -> 6 | AG2: =IF(คะแนนเก็บ!J3=0,"",คะแนนเก็บ!J3) -> 7 | AH2: =IF(คะแนนเก็บ!K3=0,"",คะแนนเก็บ!K3) -> 8 | ... AT2: =IF(คะแนนเก็บ!W3=0,"",คะแนนเก็บ!W3) -> 20 | AU2: =IF(คะแนนเก็บหลังกลางภาค!D4=0,"",คะแนนเก็บหลังกลางภาค!D4) | AV2: =IF(คะแนนเก็บหลังกลางภาค!E4=0,"",คะแนนเก็บหลังกลางภาค!E4) | AW2: =IF(คะแนนเก็บหลังกลางภาค!F4=0,"",คะแนนเก็บหลังกลางภาค!F4) | AX2: =IF(คะแนนเก็บหลังกลางภาค!G4=0,"",คะแนนเก็บหลังกลางภาค!G4) | AY2: =IF(คะแนนเก็บหลังกลางภาค!H4=0,"",คะแนนเก็บหลังกลางภาค!H4) | AZ2: =IF(คะแนนเก็บหลังกลางภาค!I4=0,"",คะแนนเก็บหลังกลางภาค!I4) | BA2: =IF(คะแนนเก็บหลังกลางภาค!J4=0,"",คะแนนเก็บหลังกลางภาค!J4) | BB2: =IF(คะแนนเก็บหลังกลางภาค!K4=0,"",คะแนนเก็บหลังกลางภาค!K4) | ... BN2: =IF(คะแนนเก็บหลังกลางภาค!W4=0,"",คะแนนเก็บหลังกลางภาค!W4) | BO2: =IF(คะแนนเก็บหลังกลางภาค!D3=0,"",คะแนนเก็บหลังกลางภาค!D3) -> 1 | BP2: =IF(คะแนนเก็บหลังกลางภาค!E3=0,"",คะแนนเก็บหลังกลางภาค!E3) -> 2 | BQ2: =IF(คะแนนเก็บหลังกลางภาค!F3=0,"",คะแนนเก็บหลังกลางภาค!F3) -> 3 | BR2: =IF(คะแนนเก็บหลังกลางภาค!G3=0,"",คะแนนเก็บหลังกลางภาค!G3) -> 4 | BS2: =IF(คะแนนเก็บหลังกลางภาค!H3=0,"",คะแนนเก็บหลังกลางภาค!H3) -> 5 | BT2: =IF(คะแนนเก็บหลังกลางภาค!I3=0,"",คะแนนเก็บหลังกลางภาค!I3) -> 6 | BU2: =IF(คะแนนเก็บหลังกลางภาค!J3=0,"",คะแนนเก็บหลังกลางภาค!J3) -> 7 | BV2: =IF(คะแนนเก็บหลังกลางภาค!K3=0,"",คะแนนเก็บหลังกลางภาค!K3) -> 8 | ... CH2: =IF(คะแนนเก็บหลังกลางภาค!W3=0,"",คะแนนเก็บหลังกลางภาค!W3) -> 20 | CI2: =IF(คุณลักษณะอันพึงประสงค์!D4=0,"",คุณลักษณะอันพึงประสงค์!D4) -> 3 | CJ2: =IF(คุณลักษณะอันพึงประสงค์!E4=0,"",คุณลักษณะอันพึงประสงค์!E4) -> 3 | CK2: =IF(คุณลักษณะอันพึงประสงค์!F4=0,"",คุณลักษณะอันพึงประสงค์!F4) -> 3 | CL2: =IF(คุณลักษณะอันพึงประสงค์!G4=0,"",คุณลักษณะอันพึงประสงค์!G4) -> 3 | CM2: =IF(คุณลักษณะอันพึงประสงค์!H4=0,"",คุณลักษณะอันพึงประสงค์!H4) -> 3 | CN2: =IF(คุณลักษณะอันพึงประสงค์!I4=0,"",คุณลักษณะอันพึงประสงค์!I4) -> 3 | CO2: =IF(คุณลักษณะอันพึงประสงค์!J4=0,"",คุณลักษณะอันพึงประสงค์!J4) -> 3 | CP2: =IF(คุณลักษณะอันพึงประสงค์!K4=0,"",คุณลักษณะอันพึงประสงค์!K4) -> 3 | ... CR2: =IF(คุณลักษณะอันพึงประสงค์!M4=0,"",คุณลักษณะอันพึงประสงค์!M4) | CS2: =IF(คุณลักษณะอันพึงประสงค์!D3=0,"",คุณลักษณะอันพึงประสงค์!D3) -> 1 รักชาติ ศาสน์ กษัตริย์ | CT2: =IF(คุณลักษณะอันพึงประสงค์!E3=0,"",คุณลักษณะอันพึงประสงค์!E3) -> 2 ซื่อสัตย์สุจริต | CU2: =IF(คุณลักษณะอันพึงประสงค์!F3=0,"",คุณลักษณะอันพึงประสงค์!F3) -> 3 มีวินัย | CV2: =IF(คุณลักษณะอันพึงประสงค์!G3=0,"",คุณลักษณะอันพึงประสงค์!G3) -> 4 ใฝ่เรียนรู้ | CW2: =IF(คุณลักษณะอันพึงประสงค์!H3=0,"",คุณลักษณะอันพึงประสงค์!H3) -> 5 อยู่อย่างพอเพียง | CX2: =IF(คุณลักษณะอันพึงประสงค์!I3=0,"",คุณลักษณะอันพึงประสงค์!I3) -> 6 มุ่งมั่นในการทำงาน | CY2: =IF(คุณลักษณะอันพึงประสงค์!J3=0,"",คุณลักษณะอันพึงประสงค์!J3) -> 7 รักความเป็นไทย | CZ2: =IF(คุณลักษณะอันพึงประสงค์!K3=0,"",คุณลักษณะอันพึงประสงค์!K3) -> 8 มีจิตสาธารณะ | ... DB2: =IF(คุณลักษณะอันพึงประสงค์!M3=0,"",คุณลักษณะอันพึงประสงค์!M3) -> 10 | DC2: =IF(กลางภาค!D3=0,"",กลางภาค!D3) -> 1 | DD2: =IF(กลางภาค!E3=0,"",กลางภาค!E3) -> 2 | DE2: =IF(กลางภาค!F3=0,"",กลางภาค!F3) -> 3 | DF2: =IF(กลางภาค!G3=0,"",กลางภาค!G3) -> 4 | DG2: =IF(กลางภาค!H3=0,"",กลางภาค!H3) -> 5 | DH2: =IF(กลางภาค!I3=0,"",กลางภาค!I3) -> 6 | DI2: =IF(กลางภาค!J3=0,"",กลางภาค!J3) -> 7 | DJ2: =IF(กลางภาค!K3=0,"",กลางภาค!K3) -> 8 | ... DL2: =IF(กลางภาค!M3=0,"",กลางภาค!M3) -> 10 | DM2: =IF(ปลายภาค!D3=0,"",ปลายภาค!D3) -> 1 | DN2: =IF(ปลายภาค!E3=0,"",ปลายภาค!E3) -> 2 | DO2: =IF(ปลายภาค!F3=0,"",ปลายภาค!F3) -> 3 | DP2: =IF(ปลายภาค!G3=0,"",ปลายภาค!G3) -> 4 | DQ2: =IF(ปลายภาค!H3=0,"",ปลายภาค!H3) -> 5 | DR2: =IF(ปลายภาค!I3=0,"",ปลายภาค!I3) -> 6 | DS2: =IF(ปลายภาค!J3=0,"",ปลายภาค!J3) -> 7 | DT2: =IF(ปลายภาค!K3=0,"",ปลายภาค!K3) -> 8 | ... DV2: =IF(ปลายภาค!M3=0,"",ปลายภาค!M3) -> 10 | DW2: =IF(กลางภาค!D4=0,"",กลางภาค!D4) | DX2: =IF(กลางภาค!E4=0,"",กลางภาค!E4) | DY2: =IF(กลางภาค!F4=0,"",กลางภาค!F4) | DZ2: =IF(กลางภาค!G4=0,"",กลางภาค!G4) | EA2: =IF(กลางภาค!H4=0,"",กลางภาค!H4) | EB2: =IF(กลางภาค!I4=0,"",กลางภาค!I4) | EC2: =IF(กลางภาค!J4=0,"",กลางภาค!J4) | ED2: =IF(กลางภาค!K4=0,"",กลางภาค!K4) | ... EF2: =IF(กลางภาค!M4=0,"",กลางภาค!M4) | EG2: =IF(ปลายภาค!D4=0,"",ปลายภาค!D4) | EH2: =IF(ปลายภาค!E4=0,"",ปลายภาค!E4) | EI2: =IF(ปลายภาค!F4=0,"",ปลายภาค!F4) | EJ2: =IF(ปลายภาค!G4=0,"",ปลายภาค!G4) | EK2: =IF(ปลายภาค!H4=0,"",ปลายภาค!H4) | EL2: =IF(ปลายภาค!I4=0,"",ปลายภาค!I4) | EM2: =IF(ปลายภาค!J4=0,"",ปลายภาค!J4) | EN2: =IF(ปลายภาค!K4=0,"",ปลายภาค!K4) | ... EP2: =IF(ปลายภาค!M4=0,"",ปลายภาค!M4) | EQ2: =IF(คะแนนเก็บ!X4=0,"",คะแนนเก็บ!X4) -> 10 | ER2: =IF(คะแนนเก็บหลังกลางภาค!X4=0,"",คะแนนเก็บหลังกลางภาค!X4) | ES2: =SUM(คะแนนเก็บ!X4+คะแนนเก็บหลังกลางภาค!X4) -> #VALUE! | ET2: =IF(กลางภาค!N4=0,"",กลางภาค!N4) | EU2: =IF(ปลายภาค!N4=0,"",ปลายภาค!N4) | EV2: =IF(อ่านคิดวิเคราะห์!D4=0,"",อ่านคิดวิเคราะห์!D4) -> 3 | EW2: =IF(อ่านคิดวิเคราะห์!E4=0,"",อ่านคิดวิเคราะห์!E4) -> 3 | EX2: =IF(อ่านคิดวิเคราะห์!F4=0,"",อ่านคิดวิเคราะห์!F4) -> 3 | EY2: =IF(อ่านคิดวิเคราะห์!G4=0,"",อ่านคิดวิเคราะห์!G4) | EZ2: =IF(อ่านคิดวิเคราะห์!H4=0,"",อ่านคิดวิเคราะห์!H4) | FA2: =IF(อ่านคิดวิเคราะห์!D3=0,"",อ่านคิดวิเคราะห์!D3) -> 1 การอ่าน | FB2: =IF(อ่านคิดวิเคราะห์!E3=0,"",อ่านคิดวิเคราะห์!E3) -> 2 การคิดวิเคราะห์ | FC2: =IF(อ่านคิดวิเคราะห์!F3=0,"",อ่านคิดวิเคราะห์!F3) -> 3 การเขียน | FD2: =IF(อ่านคิดวิเคราะห์!G3=0,"",อ่านคิดวิเคราะห์!G3) | FE2: =IF(อ่านคิดวิเคราะห์!H3=0,"",อ่านคิดวิเคราะห์!H3) | FF2: =IF(สมรรถนะ!D4=0,"",สมรรถนะ!D4) -> 3 | FG2: =IF(สมรรถนะ!E4=0,"",สมรรถนะ!E4) -> 3 | FH2: =IF(สมรรถนะ!F4=0,"",สมรรถนะ!F4) -> 3 | FI2: =IF(สมรรถนะ!G4=0,"",สมรรถนะ!G4) -> 3 | FJ2: =IF(สมรรถนะ!H4=0,"",สมรรถนะ!H4) -> 3 | FK2: =IF(สมรรถนะ!I4=0,"",สมรรถนะ!I4) | FL2: =IF(สมรรถนะ!J4=0,"",สมรรถนะ!J4) | FM2: =IF(สมรรถนะ!K4=0,"",สมรรถนะ!K4) | ... FO2: =IF(สมรรถนะ!M4=0,"",สมรรถนะ!M4) | FP2: =IF(สมรรถนะ!D3=0,"",สมรรถนะ!D3) -> 1 หัวข้อตามที่ตั้งค่าในระบบ | FQ2: =IF(สมรรถนะ!E3=0,"",สมรรถนะ!E3) -> 2 หัวข้อตามที่ตั้งค่าในระบบ | FR2: =IF(สมรรถนะ!F3=0,"",สมรรถนะ!F3) -> 3 หัวข้อตามที่ตั้งค่าในระบบ | FS2: =IF(สมรรถนะ!G3=0,"",สมรรถนะ!G3) -> 4 หัวข้อตามที่ตั้งค่าในระบบ | FT2: =IF(สมรรถนะ!H3=0,"",สมรรถนะ!H3) -> 5 หัวข้อตามที่ตั้งค่าในระบบ | FU2: =IF(สมรรถนะ!I3=0,"",สมรรถนะ!I3) -> 6 หัวข้อตามที่ตั้งค่าในระบบ | FV2: =IF(สมรรถนะ!J3=0,"",สมรรถนะ!J3) -> 7 หัวข้อตามที่ตั้งค่าในระบบ | FW2: =IF(สมรรถนะ!K3=0,"",สมรรถนะ!K3) -> 8 หัวข้อตามที่ตั้งค่าในระบบ | ... FY2: =IF(สมรรถนะ!M3=0,"",สมรรถนะ!M3) -> 10 หัวข้อตามที่ตั้งค่าในระบบ | FZ2: =IF(คุณลักษณะอันพึงประสงค์!N4=0,"",คุณลักษณะอันพึงประสงค์!N4) | GA2: =IF(คุณลักษณะอันพึงประสงค์!O4=0,"",คุณลักษณะอันพึงประสงค์!O4) | GB2: =IF(คุณลักษณะอันพึงประสงค์!P4=0,"",คุณลักษณะอันพึงประสงค์!P4) | GC2: =IF(คุณลักษณะอันพึงประสงค์!Q4=0,"",คุณลักษณะอันพึงประสงค์!Q4) | GD2: =IF(คุณลักษณะอันพึงประสงค์!R4=0,"",คุณลักษณะอันพึงประสงค์!R4) | GE2: =IF(คุณลักษณะอันพึงประสงค์!S4=0,"",คุณลักษณะอันพึงประสงค์!S4) | GF2: =IF(คุณลักษณะอันพึงประสงค์!T4=0,"",คุณลักษณะอันพึงประสงค์!T4) | GG2: =IF(คุณลักษณะอันพึงประสงค์!U4=0,"",คุณลักษณะอันพึงประสงค์!U4) | ... GI2: =IF(คุณลักษณะอันพึงประสงค์!W4=0,"",คุณลักษณะอันพึงประสงค์!W4) | GJ2: =IF(คุณลักษณะอันพึงประสงค์!N3=0,"",คุณลักษณะอันพึงประสงค์!N3) -> 11 | GK2: =IF(คุณลักษณะอันพึงประสงค์!O3=0,"",คุณลักษณะอันพึงประสงค์!O3) -> 12 | GL2: =IF(คุณลักษณะอันพึงประสงค์!P3=0,"",คุณลักษณะอันพึงประสงค์!P3) -> 13 | GM2: =IF(คุณลักษณะอันพึงประสงค์!Q3=0,"",คุณลักษณะอันพึงประสงค์!Q3) -> 14 | GN2: =IF(คุณลักษณะอันพึงประสงค์!R3=0,"",คุณลักษณะอันพึงประสงค์!R3) -> 15 | GO2: =IF(คุณลักษณะอันพึงประสงค์!S3=0,"",คุณลักษณะอันพึงประสงค์!S3) -> 16 | GP2: =IF(คุณลักษณะอันพึงประสงค์!T3=0,"",คุณลักษณะอันพึงประสงค์!T3) -> 17 | GQ2: =IF(คุณลักษณะอันพึงประสงค์!U3=0,"",คุณลักษณะอันพึงประสงค์!U3) -> 18 | ... GS2: =IF(คุณลักษณะอันพึงประสงค์!W3=0,"",คุณลักษณะอันพึงประสงค์!W3) -> 20

Sheet สำหรับdev2
A1: stdSID | B1: scoreGrade1 | C1: scoreGrade2 | D1: scoreGrade3 | E1: scoreGrade4 | F1: scoreGrade5 | G1: scoreGrade6 | H1: scoreGrade7 | I1: scoreGrade8 | J1: scoreGrade9 | K1: scoreGrade10 | L1: scoreGrade11 | M1: scoreGrade12 | N1: scoreGrade13 | O1: scoreGrade14 | P1: scoreGrade15 | Q1: scoreGrade16 | R1: scoreGrade17 | S1: scoreGrade18 | T1: scoreGrade19 | U1: scoreGrade20 | V1: scoreCheewat1 | W1: scoreCheewat2 | X1: scoreCheewat3 | Y1: scoreCheewat4 | Z1: scoreCheewat5 | AA1: scoreCheewat6 | AB1: scoreCheewat7 | AC1: scoreCheewat8 | AD1: scoreCheewat9 | AE1: scoreCheewat10 | AF1: scoreCheewat11 | AG1: scoreCheewat12 | AH1: scoreCheewat13 | AI1: scoreCheewat14 | AJ1: scoreCheewat15 | AK1: scoreCheewat16 | AL1: scoreCheewat17 | AM1: scoreCheewat18 | AN1: scoreCheewat19 | AO1: scoreCheewat20 | AP1: scoreBehavior1 | AQ1: scoreBehavior2 | AR1: scoreBehavior3 | AS1: scoreBehavior4 | AT1: scoreBehavior5 | AU1: scoreBehavior6 | AV1: scoreBehavior7 | AW1: scoreBehavior8 | AX1: scoreBehavior9 | AY1: scoreBehavior10 | AZ1: scoreMid1 | BA1: scoreMid2 | BB1: scoreMid3 | BC1: scoreMid4 | BD1: scoreMid5 | BE1: scoreMid6 | BF1: scoreMid7 | BG1: scoreMid8 | BH1: scoreMid9 | BI1: scoreMid10 | BJ1: scoreFinal1 | BK1: scoreFinal2 | BL1: scoreFinal3 | BM1: scoreFinal4 | BN1: scoreFinal5 | BO1: scoreFinal6 | BP1: scoreFinal7 | BQ1: scoreFinal8 | BR1: scoreFinal9 | BS1: scoreFinal10 | BT1: scoreMidTermSUM | BU1: scoreFinalTermSUM | BV1: scoreBahaviorSUM | BW1: getReadWrite | BX1: scoreSamatana | BY1: scoreReadWrite1 | BZ1: scoreReadWrite2 | CA1: scoreReadWrite3 | CB1: scoreReadWrite4 | CC1: scoreReadWrite5 | CD1: scoreSamattana1 | CE1: scoreSamattana2 | CF1: scoreSamattana3 | CG1: scoreSamattana4 | CH1: scoreSamattana5 | CI1: scoreSamattana6 | CJ1: scoreSamattana7 | CK1: scoreSamattana8 | CL1: scoreSamattana9 | CM1: scoreSamattana10 | CN1: scoreBehavior11 | CO1: scoreBehavior12 | CP1: scoreBehavior13 | CQ1: scoreBehavior14 | CR1: scoreBehavior15 | CS1: scoreBehavior16 | CT1: scoreBehavior17 | CU1: scoreBehavior18 | CV1: scoreBehavior19 | CW1: scoreBehavior20
A2: =IF(คะแนนเก็บ!B5="","",คะแนนเก็บ!B5) -> 123 | B2: =IF(คะแนนเก็บ!D5="","",คะแนนเก็บ!D5) -> 1 | C2: =IF(คะแนนเก็บ!E5="","",คะแนนเก็บ!E5) | D2: =IF(คะแนนเก็บ!F5="","",คะแนนเก็บ!F5) | E2: =IF(คะแนนเก็บ!G5="","",คะแนนเก็บ!G5) | F2: =IF(คะแนนเก็บ!H5="","",คะแนนเก็บ!H5) | G2: =IF(คะแนนเก็บ!I5="","",คะแนนเก็บ!I5) | H2: =IF(คะแนนเก็บ!J5="","",คะแนนเก็บ!J5) | I2: =IF(คะแนนเก็บ!K5="","",คะแนนเก็บ!K5) | ... U2: =IF(คะแนนเก็บ!W5="","",คะแนนเก็บ!W5) | V2: =IF(คะแนนเก็บหลังกลางภาค!D5="","",คะแนนเก็บหลังกลางภาค!D5) | W2: =IF(คะแนนเก็บหลังกลางภาค!E5="","",คะแนนเก็บหลังกลางภาค!E5) | X2: =IF(คะแนนเก็บหลังกลางภาค!F5="","",คะแนนเก็บหลังกลางภาค!F5) | Y2: =IF(คะแนนเก็บหลังกลางภาค!G5="","",คะแนนเก็บหลังกลางภาค!G5) | Z2: =IF(คะแนนเก็บหลังกลางภาค!H5="","",คะแนนเก็บหลังกลางภาค!H5) | AA2: =IF(คะแนนเก็บหลังกลางภาค!I5="","",คะแนนเก็บหลังกลางภาค!I5) | AB2: =IF(คะแนนเก็บหลังกลางภาค!J5="","",คะแนนเก็บหลังกลางภาค!J5) | AC2: =IF(คะแนนเก็บหลังกลางภาค!K5="","",คะแนนเก็บหลังกลางภาค!K5) | ... AO2: =IF(คะแนนเก็บหลังกลางภาค!W5="","",คะแนนเก็บหลังกลางภาค!W5) | AP2: =IF(คุณลักษณะอันพึงประสงค์!D5="","",คุณลักษณะอันพึงประสงค์!D5) | AQ2: =IF(คุณลักษณะอันพึงประสงค์!E5="","",คุณลักษณะอันพึงประสงค์!E5) | AR2: =IF(คุณลักษณะอันพึงประสงค์!F5="","",คุณลักษณะอันพึงประสงค์!F5) | AS2: =IF(คุณลักษณะอันพึงประสงค์!G5="","",คุณลักษณะอันพึงประสงค์!G5) | AT2: =IF(คุณลักษณะอันพึงประสงค์!H5="","",คุณลักษณะอันพึงประสงค์!H5) | AU2: =IF(คุณลักษณะอันพึงประสงค์!I5="","",คุณลักษณะอันพึงประสงค์!I5) | AV2: =IF(คุณลักษณะอันพึงประสงค์!J5="","",คุณลักษณะอันพึงประสงค์!J5) | AW2: =IF(คุณลักษณะอันพึงประสงค์!K5="","",คุณลักษณะอันพึงประสงค์!K5) | ... AY2: =IF(คุณลักษณะอันพึงประสงค์!M5="","",คุณลักษณะอันพึงประสงค์!M5) | AZ2: =IF(กลางภาค!D5="","",กลางภาค!D5) | BA2: =IF(กลางภาค!E5="","",กลางภาค!E5) | BB2: =IF(กลางภาค!F5="","",กลางภาค!F5) | BC2: =IF(กลางภาค!G5="","",กลางภาค!G5) | BD2: =IF(กลางภาค!H5="","",กลางภาค!H5) | BE2: =IF(กลางภาค!I5="","",กลางภาค!I5) | BF2: =IF(กลางภาค!J5="","",กลางภาค!J5) | BG2: =IF(กลางภาค!K5="","",กลางภาค!K5) | ... BI2: =IF(กลางภาค!M5="","",กลางภาค!M5) | BJ2: =IF(ปลายภาค!D5="","",ปลายภาค!D5) | BK2: =IF(ปลายภาค!E5="","",ปลายภาค!E5) | BL2: =IF(ปลายภาค!F5="","",ปลายภาค!F5) | BM2: =IF(ปลายภาค!G5="","",ปลายภาค!G5) | BN2: =IF(ปลายภาค!H5="","",ปลายภาค!H5) | BO2: =IF(ปลายภาค!I5="","",ปลายภาค!I5) | BP2: =IF(ปลายภาค!J5="","",ปลายภาค!J5) | BQ2: =IF(ปลายภาค!K5="","",ปลายภาค!K5) | ... BS2: =IF(ปลายภาค!M5="","",ปลายภาค!M5) | BT2: =IF(กลางภาค!N5="","",กลางภาค!N5) | BU2: =IF(ปลายภาค!N5="","",ปลายภาค!N5) | BV2: =IF(คุณลักษณะอันพึงประสงค์!X5="","",คุณลักษณะอันพึงประสงค์!X5) | BW2: =IF(อ่านคิดวิเคราะห์!I5="","",อ่านคิดวิเคราะห์!I5) | BX2: =IF(สมรรถนะ!N5="","",สมรรถนะ!N5) | BY2: =IF(อ่านคิดวิเคราะห์!D5="","",อ่านคิดวิเคราะห์!D5) | BZ2: =IF(อ่านคิดวิเคราะห์!E5="","",อ่านคิดวิเคราะห์!E5) | CA2: =IF(อ่านคิดวิเคราะห์!F5="","",อ่านคิดวิเคราะห์!F5) | CB2: =IF(อ่านคิดวิเคราะห์!G5="","",อ่านคิดวิเคราะห์!G5) | CC2: =IF(อ่านคิดวิเคราะห์!H5="","",อ่านคิดวิเคราะห์!H5) | CD2: =IF(สมรรถนะ!D5="","",สมรรถนะ!D5) | CE2: =IF(สมรรถนะ!E5="","",สมรรถนะ!E5) | CF2: =IF(สมรรถนะ!F5="","",สมรรถนะ!F5) | CG2: =IF(สมรรถนะ!G5="","",สมรรถนะ!G5) | CH2: =IF(สมรรถนะ!H5="","",สมรรถนะ!H5) | CI2: =IF(สมรรถนะ!I5="","",สมรรถนะ!I5) | CJ2: =IF(สมรรถนะ!J5="","",สมรรถนะ!J5) | CK2: =IF(สมรรถนะ!K5="","",สมรรถนะ!K5) | ... CM2: =IF(สมรรถนะ!M5="","",สมรรถนะ!M5) | CN2: =IF(คุณลักษณะอันพึงประสงค์!N5="","",คุณลักษณะอันพึงประสงค์!N5) | CO2: =IF(คุณลักษณะอันพึงประสงค์!O5="","",คุณลักษณะอันพึงประสงค์!O5) | CP2: =IF(คุณลักษณะอันพึงประสงค์!P5="","",คุณลักษณะอันพึงประสงค์!P5) | CQ2: =IF(คุณลักษณะอันพึงประสงค์!Q5="","",คุณลักษณะอันพึงประสงค์!Q5) | CR2: =IF(คุณลักษณะอันพึงประสงค์!R5="","",คุณลักษณะอันพึงประสงค์!R5) | CS2: =IF(คุณลักษณะอันพึงประสงค์!S5="","",คุณลักษณะอันพึงประสงค์!S5) | CT2: =IF(คุณลักษณะอันพึงประสงค์!T5="","",คุณลักษณะอันพึงประสงค์!T5) | CU2: =IF(คุณลักษณะอันพึงประสงค์!U5="","",คุณลักษณะอันพึงประสงค์!U5) | ... CW2: =IF(คุณลักษณะอันพึงประสงค์!W5="","",คุณลักษณะอันพึงประสงค์!W5)
A3: =IF(คะแนนเก็บ!B6="","",คะแนนเก็บ!B6) -> 456 | B3: =IF(คะแนนเก็บ!D6="","",คะแนนเก็บ!D6) -> 2 | C3: =IF(คะแนนเก็บ!E6="","",คะแนนเก็บ!E6) | D3: =IF(คะแนนเก็บ!F6="","",คะแนนเก็บ!F6) | E3: =IF(คะแนนเก็บ!G6="","",คะแนนเก็บ!G6) | F3: =IF(คะแนนเก็บ!H6="","",คะแนนเก็บ!H6) | G3: =IF(คะแนนเก็บ!I6="","",คะแนนเก็บ!I6) | H3: =IF(คะแนนเก็บ!J6="","",คะแนนเก็บ!J6) | I3: =IF(คะแนนเก็บ!K6="","",คะแนนเก็บ!K6) | ... U3: =IF(คะแนนเก็บ!W6="","",คะแนนเก็บ!W6) | V3: =IF(คะแนนเก็บหลังกลางภาค!D6="","",คะแนนเก็บหลังกลางภาค!D6) | W3: =IF(คะแนนเก็บหลังกลางภาค!E6="","",คะแนนเก็บหลังกลางภาค!E6) | X3: =IF(คะแนนเก็บหลังกลางภาค!F6="","",คะแนนเก็บหลังกลางภาค!F6) | Y3: =IF(คะแนนเก็บหลังกลางภาค!G6="","",คะแนนเก็บหลังกลางภาค!G6) | Z3: =IF(คะแนนเก็บหลังกลางภาค!H6="","",คะแนนเก็บหลังกลางภาค!H6) | AA3: =IF(คะแนนเก็บหลังกลางภาค!I6="","",คะแนนเก็บหลังกลางภาค!I6) | AB3: =IF(คะแนนเก็บหลังกลางภาค!J6="","",คะแนนเก็บหลังกลางภาค!J6) | AC3: =IF(คะแนนเก็บหลังกลางภาค!K6="","",คะแนนเก็บหลังกลางภาค!K6) | ... AO3: =IF(คะแนนเก็บหลังกลางภาค!W6="","",คะแนนเก็บหลังกลางภาค!W6) | AP3: =IF(คุณลักษณะอันพึงประสงค์!D6="","",คุณลักษณะอันพึงประสงค์!D6) | AQ3: =IF(คุณลักษณะอันพึงประสงค์!E6="","",คุณลักษณะอันพึงประสงค์!E6) | AR3: =IF(คุณลักษณะอันพึงประสงค์!F6="","",คุณลักษณะอันพึงประสงค์!F6) | AS3: =IF(คุณลักษณะอันพึงประสงค์!G6="","",คุณลักษณะอันพึงประสงค์!G6) | AT3: =IF(คุณลักษณะอันพึงประสงค์!H6="","",คุณลักษณะอันพึงประสงค์!H6) | AU3: =IF(คุณลักษณะอันพึงประสงค์!I6="","",คุณลักษณะอันพึงประสงค์!I6) | AV3: =IF(คุณลักษณะอันพึงประสงค์!J6="","",คุณลักษณะอันพึงประสงค์!J6) | AW3: =IF(คุณลักษณะอันพึงประสงค์!K6="","",คุณลักษณะอันพึงประสงค์!K6) | ... AY3: =IF(คุณลักษณะอันพึงประสงค์!M6="","",คุณลักษณะอันพึงประสงค์!M6) | AZ3: =IF(กลางภาค!D6="","",กลางภาค!D6) | BA3: =IF(กลางภาค!E6="","",กลางภาค!E6) | BB3: =IF(กลางภาค!F6="","",กลางภาค!F6) | BC3: =IF(กลางภาค!G6="","",กลางภาค!G6) | BD3: =IF(กลางภาค!H6="","",กลางภาค!H6) | BE3: =IF(กลางภาค!I6="","",กลางภาค!I6) | BF3: =IF(กลางภาค!J6="","",กลางภาค!J6) | BG3: =IF(กลางภาค!K6="","",กลางภาค!K6) | ... BI3: =IF(กลางภาค!M6="","",กลางภาค!M6) | BJ3: =IF(ปลายภาค!D6="","",ปลายภาค!D6) | BK3: =IF(ปลายภาค!E6="","",ปลายภาค!E6) | BL3: =IF(ปลายภาค!F6="","",ปลายภาค!F6) | BM3: =IF(ปลายภาค!G6="","",ปลายภาค!G6) | BN3: =IF(ปลายภาค!H6="","",ปลายภาค!H6) | BO3: =IF(ปลายภาค!I6="","",ปลายภาค!I6) | BP3: =IF(ปลายภาค!J6="","",ปลายภาค!J6) | BQ3: =IF(ปลายภาค!K6="","",ปลายภาค!K6) | ... BS3: =IF(ปลายภาค!M6="","",ปลายภาค!M6) | BT3: =IF(กลางภาค!N6="","",กลางภาค!N6) | BU3: =IF(ปลายภาค!N6="","",ปลายภาค!N6) | BV3: =IF(คุณลักษณะอันพึงประสงค์!X6="","",คุณลักษณะอันพึงประสงค์!X6) | BW3: =IF(อ่านคิดวิเคราะห์!I6="","",อ่านคิดวิเคราะห์!I6) | BX3: =IF(สมรรถนะ!N6="","",สมรรถนะ!N6) | BY3: =IF(อ่านคิดวิเคราะห์!D6="","",อ่านคิดวิเคราะห์!D6) | BZ3: =IF(อ่านคิดวิเคราะห์!E6="","",อ่านคิดวิเคราะห์!E6) | CA3: =IF(อ่านคิดวิเคราะห์!F6="","",อ่านคิดวิเคราะห์!F6) | CB3: =IF(อ่านคิดวิเคราะห์!G6="","",อ่านคิดวิเคราะห์!G6) | CC3: =IF(อ่านคิดวิเคราะห์!H6="","",อ่านคิดวิเคราะห์!H6) | CD3: =IF(สมรรถนะ!D6="","",สมรรถนะ!D6) | CE3: =IF(สมรรถนะ!E6="","",สมรรถนะ!E6) | CF3: =IF(สมรรถนะ!F6="","",สมรรถนะ!F6) | CG3: =IF(สมรรถนะ!G6="","",สมรรถนะ!G6) | CH3: =IF(สมรรถนะ!H6="","",สมรรถนะ!H6) | CI3: =IF(สมรรถนะ!I6="","",สมรรถนะ!I6) | CJ3: =IF(สมรรถนะ!J6="","",สมรรถนะ!J6) | CK3: =IF(สมรรถนะ!K6="","",สมรรถนะ!K6) | ... CM3: =IF(สมรรถนะ!M6="","",สมรรถนะ!M6) | CN3: =IF(คุณลักษณะอันพึงประสงค์!N6="","",คุณลักษณะอันพึงประสงค์!N6) | CO3: =IF(คุณลักษณะอันพึงประสงค์!O6="","",คุณลักษณะอันพึงประสงค์!O6) | CP3: =IF(คุณลักษณะอันพึงประสงค์!P6="","",คุณลักษณะอันพึงประสงค์!P6) | CQ3: =IF(คุณลักษณะอันพึงประสงค์!Q6="","",คุณลักษณะอันพึงประสงค์!Q6) | CR3: =IF(คุณลักษณะอันพึงประสงค์!R6="","",คุณลักษณะอันพึงประสงค์!R6) | CS3: =IF(คุณลักษณะอันพึงประสงค์!S6="","",คุณลักษณะอันพึงประสงค์!S6) | CT3: =IF(คุณลักษณะอันพึงประสงค์!T6="","",คุณลักษณะอันพึงประสงค์!T6) | CU3: =IF(คุณลักษณะอันพึงประสงค์!U6="","",คุณลักษณะอันพึงประสงค์!U6) | ... CW3: =IF(คุณลักษณะอันพึงประสงค์!W6="","",คุณลักษณะอันพึงประสงค์!W6)
A4: =IF(คะแนนเก็บ!B7="","",คะแนนเก็บ!B7) -> A123 | B4: =IF(คะแนนเก็บ!D7="","",คะแนนเก็บ!D7) -> 3 | C4: =IF(คะแนนเก็บ!E7="","",คะแนนเก็บ!E7) | D4: =IF(คะแนนเก็บ!F7="","",คะแนนเก็บ!F7) | E4: =IF(คะแนนเก็บ!G7="","",คะแนนเก็บ!G7) | F4: =IF(คะแนนเก็บ!H7="","",คะแนนเก็บ!H7) | G4: =IF(คะแนนเก็บ!I7="","",คะแนนเก็บ!I7) | H4: =IF(คะแนนเก็บ!J7="","",คะแนนเก็บ!J7) | I4: =IF(คะแนนเก็บ!K7="","",คะแนนเก็บ!K7) | ... U4: =IF(คะแนนเก็บ!W7="","",คะแนนเก็บ!W7) | V4: =IF(คะแนนเก็บหลังกลางภาค!D7="","",คะแนนเก็บหลังกลางภาค!D7) | W4: =IF(คะแนนเก็บหลังกลางภาค!E7="","",คะแนนเก็บหลังกลางภาค!E7) | X4: =IF(คะแนนเก็บหลังกลางภาค!F7="","",คะแนนเก็บหลังกลางภาค!F7) | Y4: =IF(คะแนนเก็บหลังกลางภาค!G7="","",คะแนนเก็บหลังกลางภาค!G7) | Z4: =IF(คะแนนเก็บหลังกลางภาค!H7="","",คะแนนเก็บหลังกลางภาค!H7) | AA4: =IF(คะแนนเก็บหลังกลางภาค!I7="","",คะแนนเก็บหลังกลางภาค!I7) | AB4: =IF(คะแนนเก็บหลังกลางภาค!J7="","",คะแนนเก็บหลังกลางภาค!J7) | AC4: =IF(คะแนนเก็บหลังกลางภาค!K7="","",คะแนนเก็บหลังกลางภาค!K7) | ... AO4: =IF(คะแนนเก็บหลังกลางภาค!W7="","",คะแนนเก็บหลังกลางภาค!W7) | AP4: =IF(คุณลักษณะอันพึงประสงค์!D7="","",คุณลักษณะอันพึงประสงค์!D7) | AQ4: =IF(คุณลักษณะอันพึงประสงค์!E7="","",คุณลักษณะอันพึงประสงค์!E7) | AR4: =IF(คุณลักษณะอันพึงประสงค์!F7="","",คุณลักษณะอันพึงประสงค์!F7) | AS4: =IF(คุณลักษณะอันพึงประสงค์!G7="","",คุณลักษณะอันพึงประสงค์!G7) | AT4: =IF(คุณลักษณะอันพึงประสงค์!H7="","",คุณลักษณะอันพึงประสงค์!H7) | AU4: =IF(คุณลักษณะอันพึงประสงค์!I7="","",คุณลักษณะอันพึงประสงค์!I7) | AV4: =IF(คุณลักษณะอันพึงประสงค์!J7="","",คุณลักษณะอันพึงประสงค์!J7) | AW4: =IF(คุณลักษณะอันพึงประสงค์!K7="","",คุณลักษณะอันพึงประสงค์!K7) | ... AY4: =IF(คุณลักษณะอันพึงประสงค์!M7="","",คุณลักษณะอันพึงประสงค์!M7) | AZ4: =IF(กลางภาค!D7="","",กลางภาค!D7) | BA4: =IF(กลางภาค!E7="","",กลางภาค!E7) | BB4: =IF(กลางภาค!F7="","",กลางภาค!F7) | BC4: =IF(กลางภาค!G7="","",กลางภาค!G7) | BD4: =IF(กลางภาค!H7="","",กลางภาค!H7) | BE4: =IF(กลางภาค!I7="","",กลางภาค!I7) | BF4: =IF(กลางภาค!J7="","",กลางภาค!J7) | BG4: =IF(กลางภาค!K7="","",กลางภาค!K7) | ... BI4: =IF(กลางภาค!M7="","",กลางภาค!M7) | BJ4: =IF(ปลายภาค!D7="","",ปลายภาค!D7) | BK4: =IF(ปลายภาค!E7="","",ปลายภาค!E7) | BL4: =IF(ปลายภาค!F7="","",ปลายภาค!F7) | BM4: =IF(ปลายภาค!G7="","",ปลายภาค!G7) | BN4: =IF(ปลายภาค!H7="","",ปลายภาค!H7) | BO4: =IF(ปลายภาค!I7="","",ปลายภาค!I7) | BP4: =IF(ปลายภาค!J7="","",ปลายภาค!J7) | BQ4: =IF(ปลายภาค!K7="","",ปลายภาค!K7) | ... BS4: =IF(ปลายภาค!M7="","",ปลายภาค!M7) | BT4: =IF(กลางภาค!N7="","",กลางภาค!N7) | BU4: =IF(ปลายภาค!N7="","",ปลายภาค!N7) | BV4: =IF(คุณลักษณะอันพึงประสงค์!X7="","",คุณลักษณะอันพึงประสงค์!X7) | BW4: =IF(อ่านคิดวิเคราะห์!I7="","",อ่านคิดวิเคราะห์!I7) | BX4: =IF(สมรรถนะ!N7="","",สมรรถนะ!N7) | BY4: =IF(อ่านคิดวิเคราะห์!D7="","",อ่านคิดวิเคราะห์!D7) | BZ4: =IF(อ่านคิดวิเคราะห์!E7="","",อ่านคิดวิเคราะห์!E7) | CA4: =IF(อ่านคิดวิเคราะห์!F7="","",อ่านคิดวิเคราะห์!F7) | CB4: =IF(อ่านคิดวิเคราะห์!G7="","",อ่านคิดวิเคราะห์!G7) | CC4: =IF(อ่านคิดวิเคราะห์!H7="","",อ่านคิดวิเคราะห์!H7) | CD4: =IF(สมรรถนะ!D7="","",สมรรถนะ!D7) | CE4: =IF(สมรรถนะ!E7="","",สมรรถนะ!E7) | CF4: =IF(สมรรถนะ!F7="","",สมรรถนะ!F7) | CG4: =IF(สมรรถนะ!G7="","",สมรรถนะ!G7) | CH4: =IF(สมรรถนะ!H7="","",สมรรถนะ!H7) | CI4: =IF(สมรรถนะ!I7="","",สมรรถนะ!I7) | CJ4: =IF(สมรรถนะ!J7="","",สมรรถนะ!J7) | CK4: =IF(สมรรถนะ!K7="","",สมรรถนะ!K7) | ... CM4: =IF(สมรรถนะ!M7="","",สมรรถนะ!M7) | CN4: =IF(คุณลักษณะอันพึงประสงค์!N7="","",คุณลักษณะอันพึงประสงค์!N7) | CO4: =IF(คุณลักษณะอันพึงประสงค์!O7="","",คุณลักษณะอันพึงประสงค์!O7) | CP4: =IF(คุณลักษณะอันพึงประสงค์!P7="","",คุณลักษณะอันพึงประสงค์!P7) | CQ4: =IF(คุณลักษณะอันพึงประสงค์!Q7="","",คุณลักษณะอันพึงประสงค์!Q7) | CR4: =IF(คุณลักษณะอันพึงประสงค์!R7="","",คุณลักษณะอันพึงประสงค์!R7) | CS4: =IF(คุณลักษณะอันพึงประสงค์!S7="","",คุณลักษณะอันพึงประสงค์!S7) | CT4: =IF(คุณลักษณะอันพึงประสงค์!T7="","",คุณลักษณะอันพึงประสงค์!T7) | CU4: =IF(คุณลักษณะอันพึงประสงค์!U7="","",คุณลักษณะอันพึงประสงค์!U7) | ... CW4: =IF(คุณลักษณะอันพึงประสงค์!W7="","",คุณลักษณะอันพึงประสงค์!W7)
A5: =IF(คะแนนเก็บ!B8="","",คะแนนเก็บ!B8) | B5: =IF(คะแนนเก็บ!D8="","",คะแนนเก็บ!D8) | C5: =IF(คะแนนเก็บ!E8="","",คะแนนเก็บ!E8) | D5: =IF(คะแนนเก็บ!F8="","",คะแนนเก็บ!F8) | E5: =IF(คะแนนเก็บ!G8="","",คะแนนเก็บ!G8) | F5: =IF(คะแนนเก็บ!H8="","",คะแนนเก็บ!H8) | G5: =IF(คะแนนเก็บ!I8="","",คะแนนเก็บ!I8) | H5: =IF(คะแนนเก็บ!J8="","",คะแนนเก็บ!J8) | I5: =IF(คะแนนเก็บ!K8="","",คะแนนเก็บ!K8) | ... U5: =IF(คะแนนเก็บ!W8="","",คะแนนเก็บ!W8) | V5: =IF(คะแนนเก็บหลังกลางภาค!D8="","",คะแนนเก็บหลังกลางภาค!D8) | W5: =IF(คะแนนเก็บหลังกลางภาค!E8="","",คะแนนเก็บหลังกลางภาค!E8) | X5: =IF(คะแนนเก็บหลังกลางภาค!F8="","",คะแนนเก็บหลังกลางภาค!F8) | Y5: =IF(คะแนนเก็บหลังกลางภาค!G8="","",คะแนนเก็บหลังกลางภาค!G8) | Z5: =IF(คะแนนเก็บหลังกลางภาค!H8="","",คะแนนเก็บหลังกลางภาค!H8) | AA5: =IF(คะแนนเก็บหลังกลางภาค!I8="","",คะแนนเก็บหลังกลางภาค!I8) | AB5: =IF(คะแนนเก็บหลังกลางภาค!J8="","",คะแนนเก็บหลังกลางภาค!J8) | AC5: =IF(คะแนนเก็บหลังกลางภาค!K8="","",คะแนนเก็บหลังกลางภาค!K8) | ... AO5: =IF(คะแนนเก็บหลังกลางภาค!W8="","",คะแนนเก็บหลังกลางภาค!W8) | AP5: =IF(คุณลักษณะอันพึงประสงค์!D8="","",คุณลักษณะอันพึงประสงค์!D8) | AQ5: =IF(คุณลักษณะอันพึงประสงค์!E8="","",คุณลักษณะอันพึงประสงค์!E8) | AR5: =IF(คุณลักษณะอันพึงประสงค์!F8="","",คุณลักษณะอันพึงประสงค์!F8) | AS5: =IF(คุณลักษณะอันพึงประสงค์!G8="","",คุณลักษณะอันพึงประสงค์!G8) | AT5: =IF(คุณลักษณะอันพึงประสงค์!H8="","",คุณลักษณะอันพึงประสงค์!H8) | AU5: =IF(คุณลักษณะอันพึงประสงค์!I8="","",คุณลักษณะอันพึงประสงค์!I8) | AV5: =IF(คุณลักษณะอันพึงประสงค์!J8="","",คุณลักษณะอันพึงประสงค์!J8) | AW5: =IF(คุณลักษณะอันพึงประสงค์!K8="","",คุณลักษณะอันพึงประสงค์!K8) | ... AY5: =IF(คุณลักษณะอันพึงประสงค์!M8="","",คุณลักษณะอันพึงประสงค์!M8) | AZ5: =IF(กลางภาค!D8="","",กลางภาค!D8) | BA5: =IF(กลางภาค!E8="","",กลางภาค!E8) | BB5: =IF(กลางภาค!F8="","",กลางภาค!F8) | BC5: =IF(กลางภาค!G8="","",กลางภาค!G8) | BD5: =IF(กลางภาค!H8="","",กลางภาค!H8) | BE5: =IF(กลางภาค!I8="","",กลางภาค!I8) | BF5: =IF(กลางภาค!J8="","",กลางภาค!J8) | BG5: =IF(กลางภาค!K8="","",กลางภาค!K8) | ... BI5: =IF(กลางภาค!M8="","",กลางภาค!M8) | BJ5: =IF(ปลายภาค!D8="","",ปลายภาค!D8) | BK5: =IF(ปลายภาค!E8="","",ปลายภาค!E8) | BL5: =IF(ปลายภาค!F8="","",ปลายภาค!F8) | BM5: =IF(ปลายภาค!G8="","",ปลายภาค!G8) | BN5: =IF(ปลายภาค!H8="","",ปลายภาค!H8) | BO5: =IF(ปลายภาค!I8="","",ปลายภาค!I8) | BP5: =IF(ปลายภาค!J8="","",ปลายภาค!J8) | BQ5: =IF(ปลายภาค!K8="","",ปลายภาค!K8) | ... BS5: =IF(ปลายภาค!M8="","",ปลายภาค!M8) | BT5: =IF(กลางภาค!N8="","",กลางภาค!N8) | BU5: =IF(ปลายภาค!N8="","",ปลายภาค!N8) | BV5: =IF(คุณลักษณะอันพึงประสงค์!X8="","",คุณลักษณะอันพึงประสงค์!X8) | BW5: =IF(อ่านคิดวิเคราะห์!I8="","",อ่านคิดวิเคราะห์!I8) | BX5: =IF(สมรรถนะ!N8="","",สมรรถนะ!N8) | BY5: =IF(อ่านคิดวิเคราะห์!D8="","",อ่านคิดวิเคราะห์!D8) | BZ5: =IF(อ่านคิดวิเคราะห์!E8="","",อ่านคิดวิเคราะห์!E8) | CA5: =IF(อ่านคิดวิเคราะห์!F8="","",อ่านคิดวิเคราะห์!F8) | CB5: =IF(อ่านคิดวิเคราะห์!G8="","",อ่านคิดวิเคราะห์!G8) | CC5: =IF(อ่านคิดวิเคราะห์!H8="","",อ่านคิดวิเคราะห์!H8) | CD5: =IF(สมรรถนะ!D8="","",สมรรถนะ!D8) | CE5: =IF(สมรรถนะ!E8="","",สมรรถนะ!E8) | CF5: =IF(สมรรถนะ!F8="","",สมรรถนะ!F8) | CG5: =IF(สมรรถนะ!G8="","",สมรรถนะ!G8) | CH5: =IF(สมรรถนะ!H8="","",สมรรถนะ!H8) | CI5: =IF(สมรรถนะ!I8="","",สมรรถนะ!I8) | CJ5: =IF(สมรรถนะ!J8="","",สมรรถนะ!J8) | CK5: =IF(สมรรถนะ!K8="","",สมรรถนะ!K8) | ... CM5: =IF(สมรรถนะ!M8="","",สมรรถนะ!M8) | CN5: =IF(คุณลักษณะอันพึงประสงค์!N8="","",คุณลักษณะอันพึงประสงค์!N8) | CO5: =IF(คุณลักษณะอันพึงประสงค์!O8="","",คุณลักษณะอันพึงประสงค์!O8) | CP5: =IF(คุณลักษณะอันพึงประสงค์!P8="","",คุณลักษณะอันพึงประสงค์!P8) | CQ5: =IF(คุณลักษณะอันพึงประสงค์!Q8="","",คุณลักษณะอันพึงประสงค์!Q8) | CR5: =IF(คุณลักษณะอันพึงประสงค์!R8="","",คุณลักษณะอันพึงประสงค์!R8) | CS5: =IF(คุณลักษณะอันพึงประสงค์!S8="","",คุณลักษณะอันพึงประสงค์!S8) | CT5: =IF(คุณลักษณะอันพึงประสงค์!T8="","",คุณลักษณะอันพึงประสงค์!T8) | CU5: =IF(คุณลักษณะอันพึงประสงค์!U8="","",คุณลักษณะอันพึงประสงค์!U8) | ... CW5: =IF(คุณลักษณะอันพึงประสงค์!W8="","",คุณลักษณะอันพึงประสงค์!W8)
A6: =IF(คะแนนเก็บ!B9="","",คะแนนเก็บ!B9) | B6: =IF(คะแนนเก็บ!D9="","",คะแนนเก็บ!D9) | C6: =IF(คะแนนเก็บ!E9="","",คะแนนเก็บ!E9) | D6: =IF(คะแนนเก็บ!F9="","",คะแนนเก็บ!F9) | E6: =IF(คะแนนเก็บ!G9="","",คะแนนเก็บ!G9) | F6: =IF(คะแนนเก็บ!H9="","",คะแนนเก็บ!H9) | G6: =IF(คะแนนเก็บ!I9="","",คะแนนเก็บ!I9) | H6: =IF(คะแนนเก็บ!J9="","",คะแนนเก็บ!J9) | I6: =IF(คะแนนเก็บ!K9="","",คะแนนเก็บ!K9) | ... U6: =IF(คะแนนเก็บ!W9="","",คะแนนเก็บ!W9) | V6: =IF(คะแนนเก็บหลังกลางภาค!D9="","",คะแนนเก็บหลังกลางภาค!D9) | W6: =IF(คะแนนเก็บหลังกลางภาค!E9="","",คะแนนเก็บหลังกลางภาค!E9) | X6: =IF(คะแนนเก็บหลังกลางภาค!F9="","",คะแนนเก็บหลังกลางภาค!F9) | Y6: =IF(คะแนนเก็บหลังกลางภาค!G9="","",คะแนนเก็บหลังกลางภาค!G9) | Z6: =IF(คะแนนเก็บหลังกลางภาค!H9="","",คะแนนเก็บหลังกลางภาค!H9) | AA6: =IF(คะแนนเก็บหลังกลางภาค!I9="","",คะแนนเก็บหลังกลางภาค!I9) | AB6: =IF(คะแนนเก็บหลังกลางภาค!J9="","",คะแนนเก็บหลังกลางภาค!J9) | AC6: =IF(คะแนนเก็บหลังกลางภาค!K9="","",คะแนนเก็บหลังกลางภาค!K9) | ... AO6: =IF(คะแนนเก็บหลังกลางภาค!W9="","",คะแนนเก็บหลังกลางภาค!W9) | AP6: =IF(คุณลักษณะอันพึงประสงค์!D9="","",คุณลักษณะอันพึงประสงค์!D9) | AQ6: =IF(คุณลักษณะอันพึงประสงค์!E9="","",คุณลักษณะอันพึงประสงค์!E9) | AR6: =IF(คุณลักษณะอันพึงประสงค์!F9="","",คุณลักษณะอันพึงประสงค์!F9) | AS6: =IF(คุณลักษณะอันพึงประสงค์!G9="","",คุณลักษณะอันพึงประสงค์!G9) | AT6: =IF(คุณลักษณะอันพึงประสงค์!H9="","",คุณลักษณะอันพึงประสงค์!H9) | AU6: =IF(คุณลักษณะอันพึงประสงค์!I9="","",คุณลักษณะอันพึงประสงค์!I9) | AV6: =IF(คุณลักษณะอันพึงประสงค์!J9="","",คุณลักษณะอันพึงประสงค์!J9) | AW6: =IF(คุณลักษณะอันพึงประสงค์!K9="","",คุณลักษณะอันพึงประสงค์!K9) | ... AY6: =IF(คุณลักษณะอันพึงประสงค์!M9="","",คุณลักษณะอันพึงประสงค์!M9) | AZ6: =IF(กลางภาค!D9="","",กลางภาค!D9) | BA6: =IF(กลางภาค!E9="","",กลางภาค!E9) | BB6: =IF(กลางภาค!F9="","",กลางภาค!F9) | BC6: =IF(กลางภาค!G9="","",กลางภาค!G9) | BD6: =IF(กลางภาค!H9="","",กลางภาค!H9) | BE6: =IF(กลางภาค!I9="","",กลางภาค!I9) | BF6: =IF(กลางภาค!J9="","",กลางภาค!J9) | BG6: =IF(กลางภาค!K9="","",กลางภาค!K9) | ... BI6: =IF(กลางภาค!M9="","",กลางภาค!M9) | BJ6: =IF(ปลายภาค!D9="","",ปลายภาค!D9) | BK6: =IF(ปลายภาค!E9="","",ปลายภาค!E9) | BL6: =IF(ปลายภาค!F9="","",ปลายภาค!F9) | BM6: =IF(ปลายภาค!G9="","",ปลายภาค!G9) | BN6: =IF(ปลายภาค!H9="","",ปลายภาค!H9) | BO6: =IF(ปลายภาค!I9="","",ปลายภาค!I9) | BP6: =IF(ปลายภาค!J9="","",ปลายภาค!J9) | BQ6: =IF(ปลายภาค!K9="","",ปลายภาค!K9) | ... BS6: =IF(ปลายภาค!M9="","",ปลายภาค!M9) | BT6: =IF(กลางภาค!N9="","",กลางภาค!N9) | BU6: =IF(ปลายภาค!N9="","",ปลายภาค!N9) | BV6: =IF(คุณลักษณะอันพึงประสงค์!X9="","",คุณลักษณะอันพึงประสงค์!X9) | BW6: =IF(อ่านคิดวิเคราะห์!I9="","",อ่านคิดวิเคราะห์!I9) | BX6: =IF(สมรรถนะ!N9="","",สมรรถนะ!N9) | BY6: =IF(อ่านคิดวิเคราะห์!D9="","",อ่านคิดวิเคราะห์!D9) | BZ6: =IF(อ่านคิดวิเคราะห์!E9="","",อ่านคิดวิเคราะห์!E9) | CA6: =IF(อ่านคิดวิเคราะห์!F9="","",อ่านคิดวิเคราะห์!F9) | CB6: =IF(อ่านคิดวิเคราะห์!G9="","",อ่านคิดวิเคราะห์!G9) | CC6: =IF(อ่านคิดวิเคราะห์!H9="","",อ่านคิดวิเคราะห์!H9) | CD6: =IF(สมรรถนะ!D9="","",สมรรถนะ!D9) | CE6: =IF(สมรรถนะ!E9="","",สมรรถนะ!E9) | CF6: =IF(สมรรถนะ!F9="","",สมรรถนะ!F9) | CG6: =IF(สมรรถนะ!G9="","",สมรรถนะ!G9) | CH6: =IF(สมรรถนะ!H9="","",สมรรถนะ!H9) | CI6: =IF(สมรรถนะ!I9="","",สมรรถนะ!I9) | CJ6: =IF(สมรรถนะ!J9="","",สมรรถนะ!J9) | CK6: =IF(สมรรถนะ!K9="","",สมรรถนะ!K9) | ... CM6: =IF(สมรรถนะ!M9="","",สมรรถนะ!M9) | CN6: =IF(คุณลักษณะอันพึงประสงค์!N9="","",คุณลักษณะอันพึงประสงค์!N9) | CO6: =IF(คุณลักษณะอันพึงประสงค์!O9="","",คุณลักษณะอันพึงประสงค์!O9) | CP6: =IF(คุณลักษณะอันพึงประสงค์!P9="","",คุณลักษณะอันพึงประสงค์!P9) | CQ6: =IF(คุณลักษณะอันพึงประสงค์!Q9="","",คุณลักษณะอันพึงประสงค์!Q9) | CR6: =IF(คุณลักษณะอันพึงประสงค์!R9="","",คุณลักษณะอันพึงประสงค์!R9) | CS6: =IF(คุณลักษณะอันพึงประสงค์!S9="","",คุณลักษณะอันพึงประสงค์!S9) | CT6: =IF(คุณลักษณะอันพึงประสงค์!T9="","",คุณลักษณะอันพึงประสงค์!T9) | CU6: =IF(คุณลักษณะอันพึงประสงค์!U9="","",คุณลักษณะอันพึงประสงค์!U9) | ... CW6: =IF(คุณลักษณะอันพึงประสงค์!W9="","",คุณลักษณะอันพึงประสงค์!W9)
A7: =IF(คะแนนเก็บ!B10="","",คะแนนเก็บ!B10) | B7: =IF(คะแนนเก็บ!D10="","",คะแนนเก็บ!D10) | C7: =IF(คะแนนเก็บ!E10="","",คะแนนเก็บ!E10) | D7: =IF(คะแนนเก็บ!F10="","",คะแนนเก็บ!F10) | E7: =IF(คะแนนเก็บ!G10="","",คะแนนเก็บ!G10) | F7: =IF(คะแนนเก็บ!H10="","",คะแนนเก็บ!H10) | G7: =IF(คะแนนเก็บ!I10="","",คะแนนเก็บ!I10) | H7: =IF(คะแนนเก็บ!J10="","",คะแนนเก็บ!J10) | I7: =IF(คะแนนเก็บ!K10="","",คะแนนเก็บ!K10) | ... U7: =IF(คะแนนเก็บ!W10="","",คะแนนเก็บ!W10) | V7: =IF(คะแนนเก็บหลังกลางภาค!D10="","",คะแนนเก็บหลังกลางภาค!D10) | W7: =IF(คะแนนเก็บหลังกลางภาค!E10="","",คะแนนเก็บหลังกลางภาค!E10) | X7: =IF(คะแนนเก็บหลังกลางภาค!F10="","",คะแนนเก็บหลังกลางภาค!F10) | Y7: =IF(คะแนนเก็บหลังกลางภาค!G10="","",คะแนนเก็บหลังกลางภาค!G10) | Z7: =IF(คะแนนเก็บหลังกลางภาค!H10="","",คะแนนเก็บหลังกลางภาค!H10) | AA7: =IF(คะแนนเก็บหลังกลางภาค!I10="","",คะแนนเก็บหลังกลางภาค!I10) | AB7: =IF(คะแนนเก็บหลังกลางภาค!J10="","",คะแนนเก็บหลังกลางภาค!J10) | AC7: =IF(คะแนนเก็บหลังกลางภาค!K10="","",คะแนนเก็บหลังกลางภาค!K10) | ... AO7: =IF(คะแนนเก็บหลังกลางภาค!W10="","",คะแนนเก็บหลังกลางภาค!W10) | AP7: =IF(คุณลักษณะอันพึงประสงค์!D10="","",คุณลักษณะอันพึงประสงค์!D10) | AQ7: =IF(คุณลักษณะอันพึงประสงค์!E10="","",คุณลักษณะอันพึงประสงค์!E10) | AR7: =IF(คุณลักษณะอันพึงประสงค์!F10="","",คุณลักษณะอันพึงประสงค์!F10) | AS7: =IF(คุณลักษณะอันพึงประสงค์!G10="","",คุณลักษณะอันพึงประสงค์!G10) | AT7: =IF(คุณลักษณะอันพึงประสงค์!H10="","",คุณลักษณะอันพึงประสงค์!H10) | AU7: =IF(คุณลักษณะอันพึงประสงค์!I10="","",คุณลักษณะอันพึงประสงค์!I10) | AV7: =IF(คุณลักษณะอันพึงประสงค์!J10="","",คุณลักษณะอันพึงประสงค์!J10) | AW7: =IF(คุณลักษณะอันพึงประสงค์!K10="","",คุณลักษณะอันพึงประสงค์!K10) | ... AY7: =IF(คุณลักษณะอันพึงประสงค์!M10="","",คุณลักษณะอันพึงประสงค์!M10) | AZ7: =IF(กลางภาค!D10="","",กลางภาค!D10) | BA7: =IF(กลางภาค!E10="","",กลางภาค!E10) | BB7: =IF(กลางภาค!F10="","",กลางภาค!F10) | BC7: =IF(กลางภาค!G10="","",กลางภาค!G10) | BD7: =IF(กลางภาค!H10="","",กลางภาค!H10) | BE7: =IF(กลางภาค!I10="","",กลางภาค!I10) | BF7: =IF(กลางภาค!J10="","",กลางภาค!J10) | BG7: =IF(กลางภาค!K10="","",กลางภาค!K10) | ... BI7: =IF(กลางภาค!M10="","",กลางภาค!M10) | BJ7: =IF(ปลายภาค!D10="","",ปลายภาค!D10) | BK7: =IF(ปลายภาค!E10="","",ปลายภาค!E10) | BL7: =IF(ปลายภาค!F10="","",ปลายภาค!F10) | BM7: =IF(ปลายภาค!G10="","",ปลายภาค!G10) | BN7: =IF(ปลายภาค!H10="","",ปลายภาค!H10) | BO7: =IF(ปลายภาค!I10="","",ปลายภาค!I10) | BP7: =IF(ปลายภาค!J10="","",ปลายภาค!J10) | BQ7: =IF(ปลายภาค!K10="","",ปลายภาค!K10) | ... BS7: =IF(ปลายภาค!M10="","",ปลายภาค!M10) | BT7: =IF(กลางภาค!N10="","",กลางภาค!N10) | BU7: =IF(ปลายภาค!N10="","",ปลายภาค!N10) | BV7: =IF(คุณลักษณะอันพึงประสงค์!X10="","",คุณลักษณะอันพึงประสงค์!X10) | BW7: =IF(อ่านคิดวิเคราะห์!I10="","",อ่านคิดวิเคราะห์!I10) | BX7: =IF(สมรรถนะ!N10="","",สมรรถนะ!N10) | BY7: =IF(อ่านคิดวิเคราะห์!D10="","",อ่านคิดวิเคราะห์!D10) | BZ7: =IF(อ่านคิดวิเคราะห์!E10="","",อ่านคิดวิเคราะห์!E10) | CA7: =IF(อ่านคิดวิเคราะห์!F10="","",อ่านคิดวิเคราะห์!F10) | CB7: =IF(อ่านคิดวิเคราะห์!G10="","",อ่านคิดวิเคราะห์!G10) | CC7: =IF(อ่านคิดวิเคราะห์!H10="","",อ่านคิดวิเคราะห์!H10) | CD7: =IF(สมรรถนะ!D10="","",สมรรถนะ!D10) | CE7: =IF(สมรรถนะ!E10="","",สมรรถนะ!E10) | CF7: =IF(สมรรถนะ!F10="","",สมรรถนะ!F10) | CG7: =IF(สมรรถนะ!G10="","",สมรรถนะ!G10) | CH7: =IF(สมรรถนะ!H10="","",สมรรถนะ!H10) | CI7: =IF(สมรรถนะ!I10="","",สมรรถนะ!I10) | CJ7: =IF(สมรรถนะ!J10="","",สมรรถนะ!J10) | CK7: =IF(สมรรถนะ!K10="","",สมรรถนะ!K10) | ... CM7: =IF(สมรรถนะ!M10="","",สมรรถนะ!M10) | CN7: =IF(คุณลักษณะอันพึงประสงค์!N10="","",คุณลักษณะอันพึงประสงค์!N10) | CO7: =IF(คุณลักษณะอันพึงประสงค์!O10="","",คุณลักษณะอันพึงประสงค์!O10) | CP7: =IF(คุณลักษณะอันพึงประสงค์!P10="","",คุณลักษณะอันพึงประสงค์!P10) | CQ7: =IF(คุณลักษณะอันพึงประสงค์!Q10="","",คุณลักษณะอันพึงประสงค์!Q10) | CR7: =IF(คุณลักษณะอันพึงประสงค์!R10="","",คุณลักษณะอันพึงประสงค์!R10) | CS7: =IF(คุณลักษณะอันพึงประสงค์!S10="","",คุณลักษณะอันพึงประสงค์!S10) | CT7: =IF(คุณลักษณะอันพึงประสงค์!T10="","",คุณลักษณะอันพึงประสงค์!T10) | CU7: =IF(คุณลักษณะอันพึงประสงค์!U10="","",คุณลักษณะอันพึงประสงค์!U10) | ... CW7: =IF(คุณลักษณะอันพึงประสงค์!W10="","",คุณลักษณะอันพึงประสงค์!W10)
A8: =IF(คะแนนเก็บ!B11="","",คะแนนเก็บ!B11) | B8: =IF(คะแนนเก็บ!D11="","",คะแนนเก็บ!D11) | C8: =IF(คะแนนเก็บ!E11="","",คะแนนเก็บ!E11) | D8: =IF(คะแนนเก็บ!F11="","",คะแนนเก็บ!F11) | E8: =IF(คะแนนเก็บ!G11="","",คะแนนเก็บ!G11) | F8: =IF(คะแนนเก็บ!H11="","",คะแนนเก็บ!H11) | G8: =IF(คะแนนเก็บ!I11="","",คะแนนเก็บ!I11) | H8: =IF(คะแนนเก็บ!J11="","",คะแนนเก็บ!J11) | I8: =IF(คะแนนเก็บ!K11="","",คะแนนเก็บ!K11) | ... U8: =IF(คะแนนเก็บ!W11="","",คะแนนเก็บ!W11) | V8: =IF(คะแนนเก็บหลังกลางภาค!D11="","",คะแนนเก็บหลังกลางภาค!D11) | W8: =IF(คะแนนเก็บหลังกลางภาค!E11="","",คะแนนเก็บหลังกลางภาค!E11) | X8: =IF(คะแนนเก็บหลังกลางภาค!F11="","",คะแนนเก็บหลังกลางภาค!F11) | Y8: =IF(คะแนนเก็บหลังกลางภาค!G11="","",คะแนนเก็บหลังกลางภาค!G11) | Z8: =IF(คะแนนเก็บหลังกลางภาค!H11="","",คะแนนเก็บหลังกลางภาค!H11) | AA8: =IF(คะแนนเก็บหลังกลางภาค!I11="","",คะแนนเก็บหลังกลางภาค!I11) | AB8: =IF(คะแนนเก็บหลังกลางภาค!J11="","",คะแนนเก็บหลังกลางภาค!J11) | AC8: =IF(คะแนนเก็บหลังกลางภาค!K11="","",คะแนนเก็บหลังกลางภาค!K11) | ... AO8: =IF(คะแนนเก็บหลังกลางภาค!W11="","",คะแนนเก็บหลังกลางภาค!W11) | AP8: =IF(คุณลักษณะอันพึงประสงค์!D11="","",คุณลักษณะอันพึงประสงค์!D11) | AQ8: =IF(คุณลักษณะอันพึงประสงค์!E11="","",คุณลักษณะอันพึงประสงค์!E11) | AR8: =IF(คุณลักษณะอันพึงประสงค์!F11="","",คุณลักษณะอันพึงประสงค์!F11) | AS8: =IF(คุณลักษณะอันพึงประสงค์!G11="","",คุณลักษณะอันพึงประสงค์!G11) | AT8: =IF(คุณลักษณะอันพึงประสงค์!H11="","",คุณลักษณะอันพึงประสงค์!H11) | AU8: =IF(คุณลักษณะอันพึงประสงค์!I11="","",คุณลักษณะอันพึงประสงค์!I11) | AV8: =IF(คุณลักษณะอันพึงประสงค์!J11="","",คุณลักษณะอันพึงประสงค์!J11) | AW8: =IF(คุณลักษณะอันพึงประสงค์!K11="","",คุณลักษณะอันพึงประสงค์!K11) | ... AY8: =IF(คุณลักษณะอันพึงประสงค์!M11="","",คุณลักษณะอันพึงประสงค์!M11) | AZ8: =IF(กลางภาค!D11="","",กลางภาค!D11) | BA8: =IF(กลางภาค!E11="","",กลางภาค!E11) | BB8: =IF(กลางภาค!F11="","",กลางภาค!F11) | BC8: =IF(กลางภาค!G11="","",กลางภาค!G11) | BD8: =IF(กลางภาค!H11="","",กลางภาค!H11) | BE8: =IF(กลางภาค!I11="","",กลางภาค!I11) | BF8: =IF(กลางภาค!J11="","",กลางภาค!J11) | BG8: =IF(กลางภาค!K11="","",กลางภาค!K11) | ... BI8: =IF(กลางภาค!M11="","",กลางภาค!M11) | BJ8: =IF(ปลายภาค!D11="","",ปลายภาค!D11) | BK8: =IF(ปลายภาค!E11="","",ปลายภาค!E11) | BL8: =IF(ปลายภาค!F11="","",ปลายภาค!F11) | BM8: =IF(ปลายภาค!G11="","",ปลายภาค!G11) | BN8: =IF(ปลายภาค!H11="","",ปลายภาค!H11) | BO8: =IF(ปลายภาค!I11="","",ปลายภาค!I11) | BP8: =IF(ปลายภาค!J11="","",ปลายภาค!J11) | BQ8: =IF(ปลายภาค!K11="","",ปลายภาค!K11) | ... BS8: =IF(ปลายภาค!M11="","",ปลายภาค!M11) | BT8: =IF(กลางภาค!N11="","",กลางภาค!N11) | BU8: =IF(ปลายภาค!N11="","",ปลายภาค!N11) | BV8: =IF(คุณลักษณะอันพึงประสงค์!X11="","",คุณลักษณะอันพึงประสงค์!X11) | BW8: =IF(อ่านคิดวิเคราะห์!I11="","",อ่านคิดวิเคราะห์!I11) | BX8: =IF(สมรรถนะ!N11="","",สมรรถนะ!N11) | BY8: =IF(อ่านคิดวิเคราะห์!D11="","",อ่านคิดวิเคราะห์!D11) | BZ8: =IF(อ่านคิดวิเคราะห์!E11="","",อ่านคิดวิเคราะห์!E11) | CA8: =IF(อ่านคิดวิเคราะห์!F11="","",อ่านคิดวิเคราะห์!F11) | CB8: =IF(อ่านคิดวิเคราะห์!G11="","",อ่านคิดวิเคราะห์!G11) | CC8: =IF(อ่านคิดวิเคราะห์!H11="","",อ่านคิดวิเคราะห์!H11) | CD8: =IF(สมรรถนะ!D11="","",สมรรถนะ!D11) | CE8: =IF(สมรรถนะ!E11="","",สมรรถนะ!E11) | CF8: =IF(สมรรถนะ!F11="","",สมรรถนะ!F11) | CG8: =IF(สมรรถนะ!G11="","",สมรรถนะ!G11) | CH8: =IF(สมรรถนะ!H11="","",สมรรถนะ!H11) | CI8: =IF(สมรรถนะ!I11="","",สมรรถนะ!I11) | CJ8: =IF(สมรรถนะ!J11="","",สมรรถนะ!J11) | CK8: =IF(สมรรถนะ!K11="","",สมรรถนะ!K11) | ... CM8: =IF(สมรรถนะ!M11="","",สมรรถนะ!M11) | CN8: =IF(คุณลักษณะอันพึงประสงค์!N11="","",คุณลักษณะอันพึงประสงค์!N11) | CO8: =IF(คุณลักษณะอันพึงประสงค์!O11="","",คุณลักษณะอันพึงประสงค์!O11) | CP8: =IF(คุณลักษณะอันพึงประสงค์!P11="","",คุณลักษณะอันพึงประสงค์!P11) | CQ8: =IF(คุณลักษณะอันพึงประสงค์!Q11="","",คุณลักษณะอันพึงประสงค์!Q11) | CR8: =IF(คุณลักษณะอันพึงประสงค์!R11="","",คุณลักษณะอันพึงประสงค์!R11) | CS8: =IF(คุณลักษณะอันพึงประสงค์!S11="","",คุณลักษณะอันพึงประสงค์!S11) | CT8: =IF(คุณลักษณะอันพึงประสงค์!T11="","",คุณลักษณะอันพึงประสงค์!T11) | CU8: =IF(คุณลักษณะอันพึงประสงค์!U11="","",คุณลักษณะอันพึงประสงค์!U11) | ... CW8: =IF(คุณลักษณะอันพึงประสงค์!W11="","",คุณลักษณะอันพึงประสงค์!W11)
A9: =IF(คะแนนเก็บ!B12="","",คะแนนเก็บ!B12) | B9: =IF(คะแนนเก็บ!D12="","",คะแนนเก็บ!D12) | C9: =IF(คะแนนเก็บ!E12="","",คะแนนเก็บ!E12) | D9: =IF(คะแนนเก็บ!F12="","",คะแนนเก็บ!F12) | E9: =IF(คะแนนเก็บ!G12="","",คะแนนเก็บ!G12) | F9: =IF(คะแนนเก็บ!H12="","",คะแนนเก็บ!H12) | G9: =IF(คะแนนเก็บ!I12="","",คะแนนเก็บ!I12) | H9: =IF(คะแนนเก็บ!J12="","",คะแนนเก็บ!J12) | I9: =IF(คะแนนเก็บ!K12="","",คะแนนเก็บ!K12) | ... U9: =IF(คะแนนเก็บ!W12="","",คะแนนเก็บ!W12) | V9: =IF(คะแนนเก็บหลังกลางภาค!D12="","",คะแนนเก็บหลังกลางภาค!D12) | W9: =IF(คะแนนเก็บหลังกลางภาค!E12="","",คะแนนเก็บหลังกลางภาค!E12) | X9: =IF(คะแนนเก็บหลังกลางภาค!F12="","",คะแนนเก็บหลังกลางภาค!F12) | Y9: =IF(คะแนนเก็บหลังกลางภาค!G12="","",คะแนนเก็บหลังกลางภาค!G12) | Z9: =IF(คะแนนเก็บหลังกลางภาค!H12="","",คะแนนเก็บหลังกลางภาค!H12) | AA9: =IF(คะแนนเก็บหลังกลางภาค!I12="","",คะแนนเก็บหลังกลางภาค!I12) | AB9: =IF(คะแนนเก็บหลังกลางภาค!J12="","",คะแนนเก็บหลังกลางภาค!J12) | AC9: =IF(คะแนนเก็บหลังกลางภาค!K12="","",คะแนนเก็บหลังกลางภาค!K12) | ... AO9: =IF(คะแนนเก็บหลังกลางภาค!W12="","",คะแนนเก็บหลังกลางภาค!W12) | AP9: =IF(คุณลักษณะอันพึงประสงค์!D12="","",คุณลักษณะอันพึงประสงค์!D12) | AQ9: =IF(คุณลักษณะอันพึงประสงค์!E12="","",คุณลักษณะอันพึงประสงค์!E12) | AR9: =IF(คุณลักษณะอันพึงประสงค์!F12="","",คุณลักษณะอันพึงประสงค์!F12) | AS9: =IF(คุณลักษณะอันพึงประสงค์!G12="","",คุณลักษณะอันพึงประสงค์!G12) | AT9: =IF(คุณลักษณะอันพึงประสงค์!H12="","",คุณลักษณะอันพึงประสงค์!H12) | AU9: =IF(คุณลักษณะอันพึงประสงค์!I12="","",คุณลักษณะอันพึงประสงค์!I12) | AV9: =IF(คุณลักษณะอันพึงประสงค์!J12="","",คุณลักษณะอันพึงประสงค์!J12) | AW9: =IF(คุณลักษณะอันพึงประสงค์!K12="","",คุณลักษณะอันพึงประสงค์!K12) | ... AY9: =IF(คุณลักษณะอันพึงประสงค์!M12="","",คุณลักษณะอันพึงประสงค์!M12) | AZ9: =IF(กลางภาค!D12="","",กลางภาค!D12) | BA9: =IF(กลางภาค!E12="","",กลางภาค!E12) | BB9: =IF(กลางภาค!F12="","",กลางภาค!F12) | BC9: =IF(กลางภาค!G12="","",กลางภาค!G12) | BD9: =IF(กลางภาค!H12="","",กลางภาค!H12) | BE9: =IF(กลางภาค!I12="","",กลางภาค!I12) | BF9: =IF(กลางภาค!J12="","",กลางภาค!J12) | BG9: =IF(กลางภาค!K12="","",กลางภาค!K12) | ... BI9: =IF(กลางภาค!M12="","",กลางภาค!M12) | BJ9: =IF(ปลายภาค!D12="","",ปลายภาค!D12) | BK9: =IF(ปลายภาค!E12="","",ปลายภาค!E12) | BL9: =IF(ปลายภาค!F12="","",ปลายภาค!F12) | BM9: =IF(ปลายภาค!G12="","",ปลายภาค!G12) | BN9: =IF(ปลายภาค!H12="","",ปลายภาค!H12) | BO9: =IF(ปลายภาค!I12="","",ปลายภาค!I12) | BP9: =IF(ปลายภาค!J12="","",ปลายภาค!J12) | BQ9: =IF(ปลายภาค!K12="","",ปลายภาค!K12) | ... BS9: =IF(ปลายภาค!M12="","",ปลายภาค!M12) | BT9: =IF(กลางภาค!N12="","",กลางภาค!N12) | BU9: =IF(ปลายภาค!N12="","",ปลายภาค!N12) | BV9: =IF(คุณลักษณะอันพึงประสงค์!X12="","",คุณลักษณะอันพึงประสงค์!X12) | BW9: =IF(อ่านคิดวิเคราะห์!I12="","",อ่านคิดวิเคราะห์!I12) | BX9: =IF(สมรรถนะ!N12="","",สมรรถนะ!N12) | BY9: =IF(อ่านคิดวิเคราะห์!D12="","",อ่านคิดวิเคราะห์!D12) | BZ9: =IF(อ่านคิดวิเคราะห์!E12="","",อ่านคิดวิเคราะห์!E12) | CA9: =IF(อ่านคิดวิเคราะห์!F12="","",อ่านคิดวิเคราะห์!F12) | CB9: =IF(อ่านคิดวิเคราะห์!G12="","",อ่านคิดวิเคราะห์!G12) | CC9: =IF(อ่านคิดวิเคราะห์!H12="","",อ่านคิดวิเคราะห์!H12) | CD9: =IF(สมรรถนะ!D12="","",สมรรถนะ!D12) | CE9: =IF(สมรรถนะ!E12="","",สมรรถนะ!E12) | CF9: =IF(สมรรถนะ!F12="","",สมรรถนะ!F12) | CG9: =IF(สมรรถนะ!G12="","",สมรรถนะ!G12) | CH9: =IF(สมรรถนะ!H12="","",สมรรถนะ!H12) | CI9: =IF(สมรรถนะ!I12="","",สมรรถนะ!I12) | CJ9: =IF(สมรรถนะ!J12="","",สมรรถนะ!J12) | CK9: =IF(สมรรถนะ!K12="","",สมรรถนะ!K12) | ... CM9: =IF(สมรรถนะ!M12="","",สมรรถนะ!M12) | CN9: =IF(คุณลักษณะอันพึงประสงค์!N12="","",คุณลักษณะอันพึงประสงค์!N12) | CO9: =IF(คุณลักษณะอันพึงประสงค์!O12="","",คุณลักษณะอันพึงประสงค์!O12) | CP9: =IF(คุณลักษณะอันพึงประสงค์!P12="","",คุณลักษณะอันพึงประสงค์!P12) | CQ9: =IF(คุณลักษณะอันพึงประสงค์!Q12="","",คุณลักษณะอันพึงประสงค์!Q12) | CR9: =IF(คุณลักษณะอันพึงประสงค์!R12="","",คุณลักษณะอันพึงประสงค์!R12) | CS9: =IF(คุณลักษณะอันพึงประสงค์!S12="","",คุณลักษณะอันพึงประสงค์!S12) | CT9: =IF(คุณลักษณะอันพึงประสงค์!T12="","",คุณลักษณะอันพึงประสงค์!T12) | CU9: =IF(คุณลักษณะอันพึงประสงค์!U12="","",คุณลักษณะอันพึงประสงค์!U12) | ... CW9: =IF(คุณลักษณะอันพึงประสงค์!W12="","",คุณลักษณะอันพึงประสงค์!W12)
A10: =IF(คะแนนเก็บ!B13="","",คะแนนเก็บ!B13) | B10: =IF(คะแนนเก็บ!D13="","",คะแนนเก็บ!D13) | C10: =IF(คะแนนเก็บ!E13="","",คะแนนเก็บ!E13) | D10: =IF(คะแนนเก็บ!F13="","",คะแนนเก็บ!F13) | E10: =IF(คะแนนเก็บ!G13="","",คะแนนเก็บ!G13) | F10: =IF(คะแนนเก็บ!H13="","",คะแนนเก็บ!H13) | G10: =IF(คะแนนเก็บ!I13="","",คะแนนเก็บ!I13) | H10: =IF(คะแนนเก็บ!J13="","",คะแนนเก็บ!J13) | I10: =IF(คะแนนเก็บ!K13="","",คะแนนเก็บ!K13) | ... U10: =IF(คะแนนเก็บ!W13="","",คะแนนเก็บ!W13) | V10: =IF(คะแนนเก็บหลังกลางภาค!D13="","",คะแนนเก็บหลังกลางภาค!D13) | W10: =IF(คะแนนเก็บหลังกลางภาค!E13="","",คะแนนเก็บหลังกลางภาค!E13) | X10: =IF(คะแนนเก็บหลังกลางภาค!F13="","",คะแนนเก็บหลังกลางภาค!F13) | Y10: =IF(คะแนนเก็บหลังกลางภาค!G13="","",คะแนนเก็บหลังกลางภาค!G13) | Z10: =IF(คะแนนเก็บหลังกลางภาค!H13="","",คะแนนเก็บหลังกลางภาค!H13) | AA10: =IF(คะแนนเก็บหลังกลางภาค!I13="","",คะแนนเก็บหลังกลางภาค!I13) | AB10: =IF(คะแนนเก็บหลังกลางภาค!J13="","",คะแนนเก็บหลังกลางภาค!J13) | AC10: =IF(คะแนนเก็บหลังกลางภาค!K13="","",คะแนนเก็บหลังกลางภาค!K13) | ... AO10: =IF(คะแนนเก็บหลังกลางภาค!W13="","",คะแนนเก็บหลังกลางภาค!W13) | AP10: =IF(คุณลักษณะอันพึงประสงค์!D13="","",คุณลักษณะอันพึงประสงค์!D13) | AQ10: =IF(คุณลักษณะอันพึงประสงค์!E13="","",คุณลักษณะอันพึงประสงค์!E13) | AR10: =IF(คุณลักษณะอันพึงประสงค์!F13="","",คุณลักษณะอันพึงประสงค์!F13) | AS10: =IF(คุณลักษณะอันพึงประสงค์!G13="","",คุณลักษณะอันพึงประสงค์!G13) | AT10: =IF(คุณลักษณะอันพึงประสงค์!H13="","",คุณลักษณะอันพึงประสงค์!H13) | AU10: =IF(คุณลักษณะอันพึงประสงค์!I13="","",คุณลักษณะอันพึงประสงค์!I13) | AV10: =IF(คุณลักษณะอันพึงประสงค์!J13="","",คุณลักษณะอันพึงประสงค์!J13) | AW10: =IF(คุณลักษณะอันพึงประสงค์!K13="","",คุณลักษณะอันพึงประสงค์!K13) | ... AY10: =IF(คุณลักษณะอันพึงประสงค์!M13="","",คุณลักษณะอันพึงประสงค์!M13) | AZ10: =IF(กลางภาค!D13="","",กลางภาค!D13) | BA10: =IF(กลางภาค!E13="","",กลางภาค!E13) | BB10: =IF(กลางภาค!F13="","",กลางภาค!F13) | BC10: =IF(กลางภาค!G13="","",กลางภาค!G13) | BD10: =IF(กลางภาค!H13="","",กลางภาค!H13) | BE10: =IF(กลางภาค!I13="","",กลางภาค!I13) | BF10: =IF(กลางภาค!J13="","",กลางภาค!J13) | BG10: =IF(กลางภาค!K13="","",กลางภาค!K13) | ... BI10: =IF(กลางภาค!M13="","",กลางภาค!M13) | BJ10: =IF(ปลายภาค!D13="","",ปลายภาค!D13) | BK10: =IF(ปลายภาค!E13="","",ปลายภาค!E13) | BL10: =IF(ปลายภาค!F13="","",ปลายภาค!F13) | BM10: =IF(ปลายภาค!G13="","",ปลายภาค!G13) | BN10: =IF(ปลายภาค!H13="","",ปลายภาค!H13) | BO10: =IF(ปลายภาค!I13="","",ปลายภาค!I13) | BP10: =IF(ปลายภาค!J13="","",ปลายภาค!J13) | BQ10: =IF(ปลายภาค!K13="","",ปลายภาค!K13) | ... BS10: =IF(ปลายภาค!M13="","",ปลายภาค!M13) | BT10: =IF(กลางภาค!N13="","",กลางภาค!N13) | BU10: =IF(ปลายภาค!N13="","",ปลายภาค!N13) | BV10: =IF(คุณลักษณะอันพึงประสงค์!X13="","",คุณลักษณะอันพึงประสงค์!X13) | BW10: =IF(อ่านคิดวิเคราะห์!I13="","",อ่านคิดวิเคราะห์!I13) | BX10: =IF(สมรรถนะ!N13="","",สมรรถนะ!N13) | BY10: =IF(อ่านคิดวิเคราะห์!D13="","",อ่านคิดวิเคราะห์!D13) | BZ10: =IF(อ่านคิดวิเคราะห์!E13="","",อ่านคิดวิเคราะห์!E13) | CA10: =IF(อ่านคิดวิเคราะห์!F13="","",อ่านคิดวิเคราะห์!F13) | CB10: =IF(อ่านคิดวิเคราะห์!G13="","",อ่านคิดวิเคราะห์!G13) | CC10: =IF(อ่านคิดวิเคราะห์!H13="","",อ่านคิดวิเคราะห์!H13) | CD10: =IF(สมรรถนะ!D13="","",สมรรถนะ!D13) | CE10: =IF(สมรรถนะ!E13="","",สมรรถนะ!E13) | CF10: =IF(สมรรถนะ!F13="","",สมรรถนะ!F13) | CG10: =IF(สมรรถนะ!G13="","",สมรรถนะ!G13) | CH10: =IF(สมรรถนะ!H13="","",สมรรถนะ!H13) | CI10: =IF(สมรรถนะ!I13="","",สมรรถนะ!I13) | CJ10: =IF(สมรรถนะ!J13="","",สมรรถนะ!J13) | CK10: =IF(สมรรถนะ!K13="","",สมรรถนะ!K13) | ... CM10: =IF(สมรรถนะ!M13="","",สมรรถนะ!M13) | CN10: =IF(คุณลักษณะอันพึงประสงค์!N13="","",คุณลักษณะอันพึงประสงค์!N13) | CO10: =IF(คุณลักษณะอันพึงประสงค์!O13="","",คุณลักษณะอันพึงประสงค์!O13) | CP10: =IF(คุณลักษณะอันพึงประสงค์!P13="","",คุณลักษณะอันพึงประสงค์!P13) | CQ10: =IF(คุณลักษณะอันพึงประสงค์!Q13="","",คุณลักษณะอันพึงประสงค์!Q13) | CR10: =IF(คุณลักษณะอันพึงประสงค์!R13="","",คุณลักษณะอันพึงประสงค์!R13) | CS10: =IF(คุณลักษณะอันพึงประสงค์!S13="","",คุณลักษณะอันพึงประสงค์!S13) | CT10: =IF(คุณลักษณะอันพึงประสงค์!T13="","",คุณลักษณะอันพึงประสงค์!T13) | CU10: =IF(คุณลักษณะอันพึงประสงค์!U13="","",คุณลักษณะอันพึงประสงค์!U13) | ... CW10: =IF(คุณลักษณะอันพึงประสงค์!W13="","",คุณลักษณะอันพึงประสงค์!W13)
A11: =IF(คะแนนเก็บ!B14="","",คะแนนเก็บ!B14) | B11: =IF(คะแนนเก็บ!D14="","",คะแนนเก็บ!D14) | C11: =IF(คะแนนเก็บ!E14="","",คะแนนเก็บ!E14) | D11: =IF(คะแนนเก็บ!F14="","",คะแนนเก็บ!F14) | E11: =IF(คะแนนเก็บ!G14="","",คะแนนเก็บ!G14) | F11: =IF(คะแนนเก็บ!H14="","",คะแนนเก็บ!H14) | G11: =IF(คะแนนเก็บ!I14="","",คะแนนเก็บ!I14) | H11: =IF(คะแนนเก็บ!J14="","",คะแนนเก็บ!J14) | I11: =IF(คะแนนเก็บ!K14="","",คะแนนเก็บ!K14) | ... U11: =IF(คะแนนเก็บ!W14="","",คะแนนเก็บ!W14) | V11: =IF(คะแนนเก็บหลังกลางภาค!D14="","",คะแนนเก็บหลังกลางภาค!D14) | W11: =IF(คะแนนเก็บหลังกลางภาค!E14="","",คะแนนเก็บหลังกลางภาค!E14) | X11: =IF(คะแนนเก็บหลังกลางภาค!F14="","",คะแนนเก็บหลังกลางภาค!F14) | Y11: =IF(คะแนนเก็บหลังกลางภาค!G14="","",คะแนนเก็บหลังกลางภาค!G14) | Z11: =IF(คะแนนเก็บหลังกลางภาค!H14="","",คะแนนเก็บหลังกลางภาค!H14) | AA11: =IF(คะแนนเก็บหลังกลางภาค!I14="","",คะแนนเก็บหลังกลางภาค!I14) | AB11: =IF(คะแนนเก็บหลังกลางภาค!J14="","",คะแนนเก็บหลังกลางภาค!J14) | AC11: =IF(คะแนนเก็บหลังกลางภาค!K14="","",คะแนนเก็บหลังกลางภาค!K14) | ... AO11: =IF(คะแนนเก็บหลังกลางภาค!W14="","",คะแนนเก็บหลังกลางภาค!W14) | AP11: =IF(คุณลักษณะอันพึงประสงค์!D14="","",คุณลักษณะอันพึงประสงค์!D14) | AQ11: =IF(คุณลักษณะอันพึงประสงค์!E14="","",คุณลักษณะอันพึงประสงค์!E14) | AR11: =IF(คุณลักษณะอันพึงประสงค์!F14="","",คุณลักษณะอันพึงประสงค์!F14) | AS11: =IF(คุณลักษณะอันพึงประสงค์!G14="","",คุณลักษณะอันพึงประสงค์!G14) | AT11: =IF(คุณลักษณะอันพึงประสงค์!H14="","",คุณลักษณะอันพึงประสงค์!H14) | AU11: =IF(คุณลักษณะอันพึงประสงค์!I14="","",คุณลักษณะอันพึงประสงค์!I14) | AV11: =IF(คุณลักษณะอันพึงประสงค์!J14="","",คุณลักษณะอันพึงประสงค์!J14) | AW11: =IF(คุณลักษณะอันพึงประสงค์!K14="","",คุณลักษณะอันพึงประสงค์!K14) | ... AY11: =IF(คุณลักษณะอันพึงประสงค์!M14="","",คุณลักษณะอันพึงประสงค์!M14) | AZ11: =IF(กลางภาค!D14="","",กลางภาค!D14) | BA11: =IF(กลางภาค!E14="","",กลางภาค!E14) | BB11: =IF(กลางภาค!F14="","",กลางภาค!F14) | BC11: =IF(กลางภาค!G14="","",กลางภาค!G14) | BD11: =IF(กลางภาค!H14="","",กลางภาค!H14) | BE11: =IF(กลางภาค!I14="","",กลางภาค!I14) | BF11: =IF(กลางภาค!J14="","",กลางภาค!J14) | BG11: =IF(กลางภาค!K14="","",กลางภาค!K14) | ... BI11: =IF(กลางภาค!M14="","",กลางภาค!M14) | BJ11: =IF(ปลายภาค!D14="","",ปลายภาค!D14) | BK11: =IF(ปลายภาค!E14="","",ปลายภาค!E14) | BL11: =IF(ปลายภาค!F14="","",ปลายภาค!F14) | BM11: =IF(ปลายภาค!G14="","",ปลายภาค!G14) | BN11: =IF(ปลายภาค!H14="","",ปลายภาค!H14) | BO11: =IF(ปลายภาค!I14="","",ปลายภาค!I14) | BP11: =IF(ปลายภาค!J14="","",ปลายภาค!J14) | BQ11: =IF(ปลายภาค!K14="","",ปลายภาค!K14) | ... BS11: =IF(ปลายภาค!M14="","",ปลายภาค!M14) | BT11: =IF(กลางภาค!N14="","",กลางภาค!N14) | BU11: =IF(ปลายภาค!N14="","",ปลายภาค!N14) | BV11: =IF(คุณลักษณะอันพึงประสงค์!X14="","",คุณลักษณะอันพึงประสงค์!X14) | BW11: =IF(อ่านคิดวิเคราะห์!I14="","",อ่านคิดวิเคราะห์!I14) | BX11: =IF(สมรรถนะ!N14="","",สมรรถนะ!N14) | BY11: =IF(อ่านคิดวิเคราะห์!D14="","",อ่านคิดวิเคราะห์!D14) | BZ11: =IF(อ่านคิดวิเคราะห์!E14="","",อ่านคิดวิเคราะห์!E14) | CA11: =IF(อ่านคิดวิเคราะห์!F14="","",อ่านคิดวิเคราะห์!F14) | CB11: =IF(อ่านคิดวิเคราะห์!G14="","",อ่านคิดวิเคราะห์!G14) | CC11: =IF(อ่านคิดวิเคราะห์!H14="","",อ่านคิดวิเคราะห์!H14) | CD11: =IF(สมรรถนะ!D14="","",สมรรถนะ!D14) | CE11: =IF(สมรรถนะ!E14="","",สมรรถนะ!E14) | CF11: =IF(สมรรถนะ!F14="","",สมรรถนะ!F14) | CG11: =IF(สมรรถนะ!G14="","",สมรรถนะ!G14) | CH11: =IF(สมรรถนะ!H14="","",สมรรถนะ!H14) | CI11: =IF(สมรรถนะ!I14="","",สมรรถนะ!I14) | CJ11: =IF(สมรรถนะ!J14="","",สมรรถนะ!J14) | CK11: =IF(สมรรถนะ!K14="","",สมรรถนะ!K14) | ... CM11: =IF(สมรรถนะ!M14="","",สมรรถนะ!M14) | CN11: =IF(คุณลักษณะอันพึงประสงค์!N14="","",คุณลักษณะอันพึงประสงค์!N14) | CO11: =IF(คุณลักษณะอันพึงประสงค์!O14="","",คุณลักษณะอันพึงประสงค์!O14) | CP11: =IF(คุณลักษณะอันพึงประสงค์!P14="","",คุณลักษณะอันพึงประสงค์!P14) | CQ11: =IF(คุณลักษณะอันพึงประสงค์!Q14="","",คุณลักษณะอันพึงประสงค์!Q14) | CR11: =IF(คุณลักษณะอันพึงประสงค์!R14="","",คุณลักษณะอันพึงประสงค์!R14) | CS11: =IF(คุณลักษณะอันพึงประสงค์!S14="","",คุณลักษณะอันพึงประสงค์!S14) | CT11: =IF(คุณลักษณะอันพึงประสงค์!T14="","",คุณลักษณะอันพึงประสงค์!T14) | CU11: =IF(คุณลักษณะอันพึงประสงค์!U14="","",คุณลักษณะอันพึงประสงค์!U14) | ... CW11: =IF(คุณลักษณะอันพึงประสงค์!W14="","",คุณลักษณะอันพึงประสงค์!W14)
A12: =IF(คะแนนเก็บ!B15="","",คะแนนเก็บ!B15) | B12: =IF(คะแนนเก็บ!D15="","",คะแนนเก็บ!D15) | C12: =IF(คะแนนเก็บ!E15="","",คะแนนเก็บ!E15) | D12: =IF(คะแนนเก็บ!F15="","",คะแนนเก็บ!F15) | E12: =IF(คะแนนเก็บ!G15="","",คะแนนเก็บ!G15) | F12: =IF(คะแนนเก็บ!H15="","",คะแนนเก็บ!H15) | G12: =IF(คะแนนเก็บ!I15="","",คะแนนเก็บ!I15) | H12: =IF(คะแนนเก็บ!J15="","",คะแนนเก็บ!J15) | I12: =IF(คะแนนเก็บ!K15="","",คะแนนเก็บ!K15) | ... U12: =IF(คะแนนเก็บ!W15="","",คะแนนเก็บ!W15) | V12: =IF(คะแนนเก็บหลังกลางภาค!D15="","",คะแนนเก็บหลังกลางภาค!D15) | W12: =IF(คะแนนเก็บหลังกลางภาค!E15="","",คะแนนเก็บหลังกลางภาค!E15) | X12: =IF(คะแนนเก็บหลังกลางภาค!F15="","",คะแนนเก็บหลังกลางภาค!F15) | Y12: =IF(คะแนนเก็บหลังกลางภาค!G15="","",คะแนนเก็บหลังกลางภาค!G15) | Z12: =IF(คะแนนเก็บหลังกลางภาค!H15="","",คะแนนเก็บหลังกลางภาค!H15) | AA12: =IF(คะแนนเก็บหลังกลางภาค!I15="","",คะแนนเก็บหลังกลางภาค!I15) | AB12: =IF(คะแนนเก็บหลังกลางภาค!J15="","",คะแนนเก็บหลังกลางภาค!J15) | AC12: =IF(คะแนนเก็บหลังกลางภาค!K15="","",คะแนนเก็บหลังกลางภาค!K15) | ... AO12: =IF(คะแนนเก็บหลังกลางภาค!W15="","",คะแนนเก็บหลังกลางภาค!W15) | AP12: =IF(คุณลักษณะอันพึงประสงค์!D15="","",คุณลักษณะอันพึงประสงค์!D15) | AQ12: =IF(คุณลักษณะอันพึงประสงค์!E15="","",คุณลักษณะอันพึงประสงค์!E15) | AR12: =IF(คุณลักษณะอันพึงประสงค์!F15="","",คุณลักษณะอันพึงประสงค์!F15) | AS12: =IF(คุณลักษณะอันพึงประสงค์!G15="","",คุณลักษณะอันพึงประสงค์!G15) | AT12: =IF(คุณลักษณะอันพึงประสงค์!H15="","",คุณลักษณะอันพึงประสงค์!H15) | AU12: =IF(คุณลักษณะอันพึงประสงค์!I15="","",คุณลักษณะอันพึงประสงค์!I15) | AV12: =IF(คุณลักษณะอันพึงประสงค์!J15="","",คุณลักษณะอันพึงประสงค์!J15) | AW12: =IF(คุณลักษณะอันพึงประสงค์!K15="","",คุณลักษณะอันพึงประสงค์!K15) | ... AY12: =IF(คุณลักษณะอันพึงประสงค์!M15="","",คุณลักษณะอันพึงประสงค์!M15) | AZ12: =IF(กลางภาค!D15="","",กลางภาค!D15) | BA12: =IF(กลางภาค!E15="","",กลางภาค!E15) | BB12: =IF(กลางภาค!F15="","",กลางภาค!F15) | BC12: =IF(กลางภาค!G15="","",กลางภาค!G15) | BD12: =IF(กลางภาค!H15="","",กลางภาค!H15) | BE12: =IF(กลางภาค!I15="","",กลางภาค!I15) | BF12: =IF(กลางภาค!J15="","",กลางภาค!J15) | BG12: =IF(กลางภาค!K15="","",กลางภาค!K15) | ... BI12: =IF(กลางภาค!M15="","",กลางภาค!M15) | BJ12: =IF(ปลายภาค!D15="","",ปลายภาค!D15) | BK12: =IF(ปลายภาค!E15="","",ปลายภาค!E15) | BL12: =IF(ปลายภาค!F15="","",ปลายภาค!F15) | BM12: =IF(ปลายภาค!G15="","",ปลายภาค!G15) | BN12: =IF(ปลายภาค!H15="","",ปลายภาค!H15) | BO12: =IF(ปลายภาค!I15="","",ปลายภาค!I15) | BP12: =IF(ปลายภาค!J15="","",ปลายภาค!J15) | BQ12: =IF(ปลายภาค!K15="","",ปลายภาค!K15) | ... BS12: =IF(ปลายภาค!M15="","",ปลายภาค!M15) | BT12: =IF(กลางภาค!N15="","",กลางภาค!N15) | BU12: =IF(ปลายภาค!N15="","",ปลายภาค!N15) | BV12: =IF(คุณลักษณะอันพึงประสงค์!X15="","",คุณลักษณะอันพึงประสงค์!X15) | BW12: =IF(อ่านคิดวิเคราะห์!I15="","",อ่านคิดวิเคราะห์!I15) | BX12: =IF(สมรรถนะ!N15="","",สมรรถนะ!N15) | BY12: =IF(อ่านคิดวิเคราะห์!D15="","",อ่านคิดวิเคราะห์!D15) | BZ12: =IF(อ่านคิดวิเคราะห์!E15="","",อ่านคิดวิเคราะห์!E15) | CA12: =IF(อ่านคิดวิเคราะห์!F15="","",อ่านคิดวิเคราะห์!F15) | CB12: =IF(อ่านคิดวิเคราะห์!G15="","",อ่านคิดวิเคราะห์!G15) | CC12: =IF(อ่านคิดวิเคราะห์!H15="","",อ่านคิดวิเคราะห์!H15) | CD12: =IF(สมรรถนะ!D15="","",สมรรถนะ!D15) | CE12: =IF(สมรรถนะ!E15="","",สมรรถนะ!E15) | CF12: =IF(สมรรถนะ!F15="","",สมรรถนะ!F15) | CG12: =IF(สมรรถนะ!G15="","",สมรรถนะ!G15) | CH12: =IF(สมรรถนะ!H15="","",สมรรถนะ!H15) | CI12: =IF(สมรรถนะ!I15="","",สมรรถนะ!I15) | CJ12: =IF(สมรรถนะ!J15="","",สมรรถนะ!J15) | CK12: =IF(สมรรถนะ!K15="","",สมรรถนะ!K15) | ... CM12: =IF(สมรรถนะ!M15="","",สมรรถนะ!M15) | CN12: =IF(คุณลักษณะอันพึงประสงค์!N15="","",คุณลักษณะอันพึงประสงค์!N15) | CO12: =IF(คุณลักษณะอันพึงประสงค์!O15="","",คุณลักษณะอันพึงประสงค์!O15) | CP12: =IF(คุณลักษณะอันพึงประสงค์!P15="","",คุณลักษณะอันพึงประสงค์!P15) | CQ12: =IF(คุณลักษณะอันพึงประสงค์!Q15="","",คุณลักษณะอันพึงประสงค์!Q15) | CR12: =IF(คุณลักษณะอันพึงประสงค์!R15="","",คุณลักษณะอันพึงประสงค์!R15) | CS12: =IF(คุณลักษณะอันพึงประสงค์!S15="","",คุณลักษณะอันพึงประสงค์!S15) | CT12: =IF(คุณลักษณะอันพึงประสงค์!T15="","",คุณลักษณะอันพึงประสงค์!T15) | CU12: =IF(คุณลักษณะอันพึงประสงค์!U15="","",คุณลักษณะอันพึงประสงค์!U15) | ... CW12: =IF(คุณลักษณะอันพึงประสงค์!W15="","",คุณลักษณะอันพึงประสงค์!W15)
A13: =IF(คะแนนเก็บ!B16="","",คะแนนเก็บ!B16) | B13: =IF(คะแนนเก็บ!D16="","",คะแนนเก็บ!D16) | C13: =IF(คะแนนเก็บ!E16="","",คะแนนเก็บ!E16) | D13: =IF(คะแนนเก็บ!F16="","",คะแนนเก็บ!F16) | E13: =IF(คะแนนเก็บ!G16="","",คะแนนเก็บ!G16) | F13: =IF(คะแนนเก็บ!H16="","",คะแนนเก็บ!H16) | G13: =IF(คะแนนเก็บ!I16="","",คะแนนเก็บ!I16) | H13: =IF(คะแนนเก็บ!J16="","",คะแนนเก็บ!J16) | I13: =IF(คะแนนเก็บ!K16="","",คะแนนเก็บ!K16) | ... U13: =IF(คะแนนเก็บ!W16="","",คะแนนเก็บ!W16) | V13: =IF(คะแนนเก็บหลังกลางภาค!D16="","",คะแนนเก็บหลังกลางภาค!D16) | W13: =IF(คะแนนเก็บหลังกลางภาค!E16="","",คะแนนเก็บหลังกลางภาค!E16) | X13: =IF(คะแนนเก็บหลังกลางภาค!F16="","",คะแนนเก็บหลังกลางภาค!F16) | Y13: =IF(คะแนนเก็บหลังกลางภาค!G16="","",คะแนนเก็บหลังกลางภาค!G16) | Z13: =IF(คะแนนเก็บหลังกลางภาค!H16="","",คะแนนเก็บหลังกลางภาค!H16) | AA13: =IF(คะแนนเก็บหลังกลางภาค!I16="","",คะแนนเก็บหลังกลางภาค!I16) | AB13: =IF(คะแนนเก็บหลังกลางภาค!J16="","",คะแนนเก็บหลังกลางภาค!J16) | AC13: =IF(คะแนนเก็บหลังกลางภาค!K16="","",คะแนนเก็บหลังกลางภาค!K16) | ... AO13: =IF(คะแนนเก็บหลังกลางภาค!W16="","",คะแนนเก็บหลังกลางภาค!W16) | AP13: =IF(คุณลักษณะอันพึงประสงค์!D16="","",คุณลักษณะอันพึงประสงค์!D16) | AQ13: =IF(คุณลักษณะอันพึงประสงค์!E16="","",คุณลักษณะอันพึงประสงค์!E16) | AR13: =IF(คุณลักษณะอันพึงประสงค์!F16="","",คุณลักษณะอันพึงประสงค์!F16) | AS13: =IF(คุณลักษณะอันพึงประสงค์!G16="","",คุณลักษณะอันพึงประสงค์!G16) | AT13: =IF(คุณลักษณะอันพึงประสงค์!H16="","",คุณลักษณะอันพึงประสงค์!H16) | AU13: =IF(คุณลักษณะอันพึงประสงค์!I16="","",คุณลักษณะอันพึงประสงค์!I16) | AV13: =IF(คุณลักษณะอันพึงประสงค์!J16="","",คุณลักษณะอันพึงประสงค์!J16) | AW13: =IF(คุณลักษณะอันพึงประสงค์!K16="","",คุณลักษณะอันพึงประสงค์!K16) | ... AY13: =IF(คุณลักษณะอันพึงประสงค์!M16="","",คุณลักษณะอันพึงประสงค์!M16) | AZ13: =IF(กลางภาค!D16="","",กลางภาค!D16) | BA13: =IF(กลางภาค!E16="","",กลางภาค!E16) | BB13: =IF(กลางภาค!F16="","",กลางภาค!F16) | BC13: =IF(กลางภาค!G16="","",กลางภาค!G16) | BD13: =IF(กลางภาค!H16="","",กลางภาค!H16) | BE13: =IF(กลางภาค!I16="","",กลางภาค!I16) | BF13: =IF(กลางภาค!J16="","",กลางภาค!J16) | BG13: =IF(กลางภาค!K16="","",กลางภาค!K16) | ... BI13: =IF(กลางภาค!M16="","",กลางภาค!M16) | BJ13: =IF(ปลายภาค!D16="","",ปลายภาค!D16) | BK13: =IF(ปลายภาค!E16="","",ปลายภาค!E16) | BL13: =IF(ปลายภาค!F16="","",ปลายภาค!F16) | BM13: =IF(ปลายภาค!G16="","",ปลายภาค!G16) | BN13: =IF(ปลายภาค!H16="","",ปลายภาค!H16) | BO13: =IF(ปลายภาค!I16="","",ปลายภาค!I16) | BP13: =IF(ปลายภาค!J16="","",ปลายภาค!J16) | BQ13: =IF(ปลายภาค!K16="","",ปลายภาค!K16) | ... BS13: =IF(ปลายภาค!M16="","",ปลายภาค!M16) | BT13: =IF(กลางภาค!N16="","",กลางภาค!N16) | BU13: =IF(ปลายภาค!N16="","",ปลายภาค!N16) | BV13: =IF(คุณลักษณะอันพึงประสงค์!X16="","",คุณลักษณะอันพึงประสงค์!X16) | BW13: =IF(อ่านคิดวิเคราะห์!I16="","",อ่านคิดวิเคราะห์!I16) | BX13: =IF(สมรรถนะ!N16="","",สมรรถนะ!N16) | BY13: =IF(อ่านคิดวิเคราะห์!D16="","",อ่านคิดวิเคราะห์!D16) | BZ13: =IF(อ่านคิดวิเคราะห์!E16="","",อ่านคิดวิเคราะห์!E16) | CA13: =IF(อ่านคิดวิเคราะห์!F16="","",อ่านคิดวิเคราะห์!F16) | CB13: =IF(อ่านคิดวิเคราะห์!G16="","",อ่านคิดวิเคราะห์!G16) | CC13: =IF(อ่านคิดวิเคราะห์!H16="","",อ่านคิดวิเคราะห์!H16) | CD13: =IF(สมรรถนะ!D16="","",สมรรถนะ!D16) | CE13: =IF(สมรรถนะ!E16="","",สมรรถนะ!E16) | CF13: =IF(สมรรถนะ!F16="","",สมรรถนะ!F16) | CG13: =IF(สมรรถนะ!G16="","",สมรรถนะ!G16) | CH13: =IF(สมรรถนะ!H16="","",สมรรถนะ!H16) | CI13: =IF(สมรรถนะ!I16="","",สมรรถนะ!I16) | CJ13: =IF(สมรรถนะ!J16="","",สมรรถนะ!J16) | CK13: =IF(สมรรถนะ!K16="","",สมรรถนะ!K16) | ... CM13: =IF(สมรรถนะ!M16="","",สมรรถนะ!M16) | CN13: =IF(คุณลักษณะอันพึงประสงค์!N16="","",คุณลักษณะอันพึงประสงค์!N16) | CO13: =IF(คุณลักษณะอันพึงประสงค์!O16="","",คุณลักษณะอันพึงประสงค์!O16) | CP13: =IF(คุณลักษณะอันพึงประสงค์!P16="","",คุณลักษณะอันพึงประสงค์!P16) | CQ13: =IF(คุณลักษณะอันพึงประสงค์!Q16="","",คุณลักษณะอันพึงประสงค์!Q16) | CR13: =IF(คุณลักษณะอันพึงประสงค์!R16="","",คุณลักษณะอันพึงประสงค์!R16) | CS13: =IF(คุณลักษณะอันพึงประสงค์!S16="","",คุณลักษณะอันพึงประสงค์!S16) | CT13: =IF(คุณลักษณะอันพึงประสงค์!T16="","",คุณลักษณะอันพึงประสงค์!T16) | CU13: =IF(คุณลักษณะอันพึงประสงค์!U16="","",คุณลักษณะอันพึงประสงค์!U16) | ... CW13: =IF(คุณลักษณะอันพึงประสงค์!W16="","",คุณลักษณะอันพึงประสงค์!W16)
... A61: =IF(คะแนนเก็บ!B64="","",คะแนนเก็บ!B64) | B61: =IF(คะแนนเก็บ!D64="","",คะแนนเก็บ!D64) | C61: =IF(คะแนนเก็บ!E64="","",คะแนนเก็บ!E64) | D61: =IF(คะแนนเก็บ!F64="","",คะแนนเก็บ!F64) | E61: =IF(คะแนนเก็บ!G64="","",คะแนนเก็บ!G64) | F61: =IF(คะแนนเก็บ!H64="","",คะแนนเก็บ!H64) | G61: =IF(คะแนนเก็บ!I64="","",คะแนนเก็บ!I64) | H61: =IF(คะแนนเก็บ!J64="","",คะแนนเก็บ!J64) | I61: =IF(คะแนนเก็บ!K64="","",คะแนนเก็บ!K64) | ... U61: =IF(คะแนนเก็บ!W64="","",คะแนนเก็บ!W64) | V61: =IF(คะแนนเก็บหลังกลางภาค!D64="","",คะแนนเก็บหลังกลางภาค!D64) | W61: =IF(คะแนนเก็บหลังกลางภาค!E64="","",คะแนนเก็บหลังกลางภาค!E64) | X61: =IF(คะแนนเก็บหลังกลางภาค!F64="","",คะแนนเก็บหลังกลางภาค!F64) | Y61: =IF(คะแนนเก็บหลังกลางภาค!G64="","",คะแนนเก็บหลังกลางภาค!G64) | Z61: =IF(คะแนนเก็บหลังกลางภาค!H64="","",คะแนนเก็บหลังกลางภาค!H64) | AA61: =IF(คะแนนเก็บหลังกลางภาค!I64="","",คะแนนเก็บหลังกลางภาค!I64) | AB61: =IF(คะแนนเก็บหลังกลางภาค!J64="","",คะแนนเก็บหลังกลางภาค!J64) | AC61: =IF(คะแนนเก็บหลังกลางภาค!K64="","",คะแนนเก็บหลังกลางภาค!K64) | ... AO61: =IF(คะแนนเก็บหลังกลางภาค!W64="","",คะแนนเก็บหลังกลางภาค!W64) | AP61: =IF(คุณลักษณะอันพึงประสงค์!D64="","",คุณลักษณะอันพึงประสงค์!D64) | AQ61: =IF(คุณลักษณะอันพึงประสงค์!E64="","",คุณลักษณะอันพึงประสงค์!E64) | AR61: =IF(คุณลักษณะอันพึงประสงค์!F64="","",คุณลักษณะอันพึงประสงค์!F64) | AS61: =IF(คุณลักษณะอันพึงประสงค์!G64="","",คุณลักษณะอันพึงประสงค์!G64) | AT61: =IF(คุณลักษณะอันพึงประสงค์!H64="","",คุณลักษณะอันพึงประสงค์!H64) | AU61: =IF(คุณลักษณะอันพึงประสงค์!I64="","",คุณลักษณะอันพึงประสงค์!I64) | AV61: =IF(คุณลักษณะอันพึงประสงค์!J64="","",คุณลักษณะอันพึงประสงค์!J64) | AW61: =IF(คุณลักษณะอันพึงประสงค์!K64="","",คุณลักษณะอันพึงประสงค์!K64) | ... AY61: =IF(คุณลักษณะอันพึงประสงค์!M64="","",คุณลักษณะอันพึงประสงค์!M64) | AZ61: =IF(กลางภาค!D64="","",กลางภาค!D64) | BA61: =IF(กลางภาค!E64="","",กลางภาค!E64) | BB61: =IF(กลางภาค!F64="","",กลางภาค!F64) | BC61: =IF(กลางภาค!G64="","",กลางภาค!G64) | BD61: =IF(กลางภาค!H64="","",กลางภาค!H64) | BE61: =IF(กลางภาค!I64="","",กลางภาค!I64) | BF61: =IF(กลางภาค!J64="","",กลางภาค!J64) | BG61: =IF(กลางภาค!K64="","",กลางภาค!K64) | ... BI61: =IF(กลางภาค!M64="","",กลางภาค!M64) | BJ61: =IF(ปลายภาค!D64="","",ปลายภาค!D64) | BK61: =IF(ปลายภาค!E64="","",ปลายภาค!E64) | BL61: =IF(ปลายภาค!F64="","",ปลายภาค!F64) | BM61: =IF(ปลายภาค!G64="","",ปลายภาค!G64) | BN61: =IF(ปลายภาค!H64="","",ปลายภาค!H64) | BO61: =IF(ปลายภาค!I64="","",ปลายภาค!I64) | BP61: =IF(ปลายภาค!J64="","",ปลายภาค!J64) | BQ61: =IF(ปลายภาค!K64="","",ปลายภาค!K64) | ... BS61: =IF(ปลายภาค!M64="","",ปลายภาค!M64) | BT61: =IF(กลางภาค!N64="","",กลางภาค!N64) | BU61: =IF(ปลายภาค!N64="","",ปลายภาค!N64) | BV61: =IF(คุณลักษณะอันพึงประสงค์!X64="","",คุณลักษณะอันพึงประสงค์!X64) | BW61: =IF(อ่านคิดวิเคราะห์!I64="","",อ่านคิดวิเคราะห์!I64) | BX61: =IF(สมรรถนะ!N64="","",สมรรถนะ!N64) | BY61: =IF(อ่านคิดวิเคราะห์!D64="","",อ่านคิดวิเคราะห์!D64) | BZ61: =IF(อ่านคิดวิเคราะห์!E64="","",อ่านคิดวิเคราะห์!E64) | CA61: =IF(อ่านคิดวิเคราะห์!F64="","",อ่านคิดวิเคราะห์!F64) | CB61: =IF(อ่านคิดวิเคราะห์!G64="","",อ่านคิดวิเคราะห์!G64) | CC61: =IF(อ่านคิดวิเคราะห์!H64="","",อ่านคิดวิเคราะห์!H64) | CD61: =IF(สมรรถนะ!D64="","",สมรรถนะ!D64) | CE61: =IF(สมรรถนะ!E64="","",สมรรถนะ!E64) | CF61: =IF(สมรรถนะ!F64="","",สมรรถนะ!F64) | CG61: =IF(สมรรถนะ!G64="","",สมรรถนะ!G64) | CH61: =IF(สมรรถนะ!H64="","",สมรรถนะ!H64) | CI61: =IF(สมรรถนะ!I64="","",สมรรถนะ!I64) | CJ61: =IF(สมรรถนะ!J64="","",สมรรถนะ!J64) | CK61: =IF(สมรรถนะ!K64="","",สมรรถนะ!K64) | ... CM61: =IF(สมรรถนะ!M64="","",สมรรถนะ!M64) | CN61: =IF(คุณลักษณะอันพึงประสงค์!N64="","",คุณลักษณะอันพึงประสงค์!N64) -> 2 | CO61: =IF(คุณลักษณะอันพึงประสงค์!O64="","",คุณลักษณะอันพึงประสงค์!O64) | CP61: =IF(คุณลักษณะอันพึงประสงค์!P64="","",คุณลักษณะอันพึงประสงค์!P64) | CQ61: =IF(คุณลักษณะอันพึงประสงค์!Q64="","",คุณลักษณะอันพึงประสงค์!Q64) | CR61: =IF(คุณลักษณะอันพึงประสงค์!R64="","",คุณลักษณะอันพึงประสงค์!R64) | CS61: =IF(คุณลักษณะอันพึงประสงค์!S64="","",คุณลักษณะอันพึงประสงค์!S64) | CT61: =IF(คุณลักษณะอันพึงประสงค์!T64="","",คุณลักษณะอันพึงประสงค์!T64) | CU61: =IF(คุณลักษณะอันพึงประสงค์!U64="","",คุณลักษณะอันพึงประสงค์!U64) | ... CW61: =IF(คุณลักษณะอันพึงประสงค์!W64="","",คุณลักษณะอันพึงประสงค์!W64) -> 1

Sheet Update log
A1: Version update log
A2: 1.4.6 | B2: 1. แก้ไขสูตร การแสดง ค่า 0 จากว่างเป็นค่า 0 sheet dev2
B3: 2. เพิ่ม sheet "Update log"
A4: 1.4.9 | B4: 1. เพิ่มสมรรถนะให้รองรับ 10 ช่อง (เดิม 5 ช่อง) และปิดไม่ให้แก้ทุกช่อง
B5: 2. ตั้งชื่อหัวข้อสมรรถนทั้งหมดเป็น "หัวข้อตามที่ตั้งค่าในระบบ"
B6: 3. เพิ่มดักการแจ้งเตือนคะแนนเต็มสมรรถนะให้กรอกได้ไม่เกิน 3 และต้องเป็นตัวเลขเท่านั้น
B7: 4. ช่องรวมคะแนนเต็มสมรรถนะ ใส่สูตรคำนวนค่า Mode (Column N4)
B8: 5. เพิ่ม ข้อความ " ข้อควรระวัง : คะแนนเต็มต้องตรงกับหน้าบันทึกคะแนน" ชีท คุณลักษณะอันพึงประสงค์ อ่านคิดวิเคราะห์ สมรรถนะ
B9: 6. เพิ่มคุณลักษณะอันพึงประสงค์เป็น 20 ช่อง (เดิม 10 ช่อง)
B10: 7. แก้ไข ค่าสรุป Mode sheet อ่านคิดวิเคราะห์ คุณลักษณะ สมรรถนะ หากจำนวนที่กรอกเท่ากัน ให้เลือกแสดงคะแนนที่สูงกว่า
B11: 8. คะแนนเก็บ กลางภาค คะแนนเก็บกลางภาค ปลายภาค ปรับ Data validation ให้ตรวจสอบค่า Blank ในช่องกรอกคะแนน
B12: 9. Sheet Dev2 แก้ไข ScoreMidTermSUM, ScoreFinalTermSUM ให้ไม่ Default 0
B13: 10 คะแนนเก็บ กลางภาค คะแนนเก็บกลางภาค ปลายภาค แก้ไข ค่า Blank ให้แสดงผลรวมให้เป็น Blank (จากเดิมที่แสดง 0 แล้ว ใช้ Contional formatting ให้แสดงเป็นสีขาว)
B14: 11. เพิ่ม Version หน้า ข้อควรรู้ก่อนเริ่ม
A15: 1.5.0 | B15: 1. แก้ไขบักสูตรการ Total Sum ชีท คะแนนเก็บและคะแนนเก็บหลังกลางภาค
